survey,target,target_description,target_question,target_section,country,pool_size,majority_baseline,flags,feat_rank,feat_variable,feat_description,feat_question,feat_section,feat_importance_mean,feat_importance_std
afrobarometer,Q43A,Request for police assistance,"In the past 12 months, have you requested assistance from the police?",institutional_trust,Angola,235.0,0.8358,SKEWED,1.0,Q42D,Respect received from government officials when obtaining documents,"When dealing with government officials to obtain documents, how much do you feel they treated you with respect?",institutional_trust,0.01841,0.00917
afrobarometer,Q43A,Request for police assistance,"In the past 12 months, have you requested assistance from the police?",institutional_trust,Angola,235.0,0.8358,SKEWED,2.0,Q42C,Bribery to obtain an identity document,"How often, if ever, did you have to pay a bribe, give a gift, or do a favor for a government official to get the document you needed?",institutional_trust,0.01255,0.00592
afrobarometer,Q43A,Request for police assistance,"In the past 12 months, have you requested assistance from the police?",institutional_trust,Angola,235.0,0.8358,SKEWED,3.0,Q46B,Government performance on improving living standards of the poor,How well or badly would you say the current government is improving the living standards of the poor?,institutional_trust,0.00837,0.00662
afrobarometer,Q43A,Request for police assistance,"In the past 12 months, have you requested assistance from the police?",institutional_trust,Angola,235.0,0.8358,SKEWED,4.0,Q95,Religion of respondent,"What is your religion, if any?",demographics,0.00586,0.00229
afrobarometer,Q43A,Request for police assistance,"In the past 12 months, have you requested assistance from the police?",institutional_trust,Angola,235.0,0.8358,SKEWED,5.0,Q42B,Difficulty obtaining an identity document,How easy or difficult was it to obtain the document you needed?,institutional_trust,0.00502,0.0035
afrobarometer,Q43A,Request for police assistance,"In the past 12 months, have you requested assistance from the police?",institutional_trust,Angola,235.0,0.8358,SKEWED,6.0,Q94,Education of respondent,What is your highest level of education?,demographics,0.00418,0.00296
afrobarometer,Q43A,Request for police assistance,"In the past 12 months, have you requested assistance from the police?",institutional_trust,Angola,235.0,0.8358,SKEWED,7.0,Q6B,How often gone without water,"Over the past year, how often, if ever, have you or anyone in your family gone without enough clean water for home use?",wellbeing,0.00418,0.00296
afrobarometer,Q43A,Request for police assistance,"In the past 12 months, have you requested assistance from the police?",institutional_trust,Angola,235.0,0.8358,SKEWED,8.0,Q93B,Occupation of respondent,"What is your main occupation? If unemployed, retired, or disabled, what was your last main occupation?",demographics,0.00418,0.0
afrobarometer,Q43A,Request for police assistance,"In the past 12 months, have you requested assistance from the police?",institutional_trust,Angola,235.0,0.8358,SKEWED,9.0,Q53C,Likelihood of criticism or harassment for a woman reporting gender-based violence,"If a woman in your community reports being a victim of gender-based violence, how likely is it that she will be criticized, harassed, or shamed by others in the community?",institutional_trust,0.00418,0.0
afrobarometer,Q43A,Request for police assistance,"In the past 12 months, have you requested assistance from the police?",institutional_trust,Angola,235.0,0.8358,SKEWED,10.0,Q39B,Safety of reporting corruption,"In this country, can ordinary people report incidents of corruption without fear, or do they risk retaliation or other negative consequences if they speak out?",institutional_trust,0.00418,0.0
afrobarometer,Q43A,Request for police assistance,"In the past 12 months, have you requested assistance from the police?",institutional_trust,Gabon,240.0,0.9142,SKEWED WEAK_SIGNAL,1.0,Q38K,Perceived corruption among non-governmental organizations,How many people in non-governmental organizations do you think are involved in corruption?,institutional_trust,0.00417,0.0
afrobarometer,Q43A,Request for police assistance,"In the past 12 months, have you requested assistance from the police?",institutional_trust,Gabon,240.0,0.9142,SKEWED WEAK_SIGNAL,2.0,Q32A,Level of democracy compared to five years ago,"Do you think that this country is more democratic, less democratic, or about the same than it was five years ago?",political_attitudes,0.00333,0.00186
afrobarometer,Q43A,Request for police assistance,"In the past 12 months, have you requested assistance from the police?",institutional_trust,Gabon,240.0,0.9142,SKEWED WEAK_SIGNAL,3.0,Q37J,Trust in traditional leaders,How much do you trust traditional leaders?,institutional_trust,0.00333,0.00186
afrobarometer,Q43A,Request for police assistance,"In the past 12 months, have you requested assistance from the police?",institutional_trust,Gabon,240.0,0.9142,SKEWED WEAK_SIGNAL,4.0,Q46C,Government performance on creating jobs,How well or badly would you say the current government is handling creating jobs?,institutional_trust,0.00333,0.00186
afrobarometer,Q43A,Request for police assistance,"In the past 12 months, have you requested assistance from the police?",institutional_trust,Gabon,240.0,0.9142,SKEWED WEAK_SIGNAL,5.0,Q87C,Neighbours: homosexuals,Would you like having homosexuals as neighbours?,social_attitudes,0.00333,0.00186
afrobarometer,Q43A,Request for police assistance,"In the past 12 months, have you requested assistance from the police?",institutional_trust,Gabon,240.0,0.9142,SKEWED WEAK_SIGNAL,6.0,Q87E,Neighbours: people who support a different political party,"Would you like having people who support a different political party as your neighbours, dislike it, or not care?",social_attitudes,0.00333,0.00186
afrobarometer,Q43A,Request for police assistance,"In the past 12 months, have you requested assistance from the police?",institutional_trust,Gabon,240.0,0.9142,SKEWED WEAK_SIGNAL,7.0,Q35A,Access to information: school budget,How likely is it that you could get the following information: if you contacted the local school to find out what the school's budget is and how the funds have been used?,institutional_trust,0.0025,0.00228
afrobarometer,Q43A,Request for police assistance,"In the past 12 months, have you requested assistance from the police?",institutional_trust,Gabon,240.0,0.9142,SKEWED WEAK_SIGNAL,8.0,Q25,Political parties divisive vs many parties needed,Which of the following statements is closest to your view? Statement 1: Political parties create division and confusion; it is therefore unnecessary to have many political parties in Kenya. Statement 2: Many political parties are needed to make sure that Kenyans have real choices in who governs them?,political_attitudes,0.00167,0.00228
afrobarometer,Q43A,Request for police assistance,"In the past 12 months, have you requested assistance from the police?",institutional_trust,Gabon,240.0,0.9142,SKEWED WEAK_SIGNAL,9.0,Q44E,Police involvement in criminal activities,"In your opinion, how often do the police engage in criminal activities?",institutional_trust,0.00167,0.00228
afrobarometer,Q43A,Request for police assistance,"In the past 12 months, have you requested assistance from the police?",institutional_trust,Gabon,240.0,0.9142,SKEWED WEAK_SIGNAL,10.0,Q51A,Opinion on whether the government should do more or less for women's rights and equality,"Should the government and elected officials do more, less, or about the same as they are doing now to advance the rights and equality of women?",social_attitudes,0.00167,0.00228
afrobarometer,Q43A,Request for police assistance,"In the past 12 months, have you requested assistance from the police?",institutional_trust,Mali,240.0,0.8825,SKEWED WEAK_SIGNAL,1.0,Q11D,Contact political party official,"During the past year, how often have you contacted a political party official about an important problem or to give your views?",political_participation,0.00417,0.0
afrobarometer,Q43A,Request for police assistance,"In the past 12 months, have you requested assistance from the police?",institutional_trust,Mali,240.0,0.8825,SKEWED WEAK_SIGNAL,2.0,Q72E,Government action on pollution,Should the government do more or less to limit pollution and protect the environment?,contemporary_issues,0.00417,0.0
afrobarometer,Q43A,Request for police assistance,"In the past 12 months, have you requested assistance from the police?",institutional_trust,Mali,240.0,0.8825,SKEWED WEAK_SIGNAL,3.0,Q40B,Difficulty obtaining public school services,How easy or difficult was it to obtain the services you needed from teachers or school officials?,institutional_trust,0.00333,0.00186
afrobarometer,Q43A,Request for police assistance,"In the past 12 months, have you requested assistance from the police?",institutional_trust,Mali,240.0,0.8825,SKEWED WEAK_SIGNAL,4.0,Q36B,Likelihood of response: reporting teacher misconduct,"If you went to the local school to report teacher misbehavior such as absenteeism or mistreatment of students, how likely is it that you could get someone to take action?",institutional_trust,0.00333,0.00186
afrobarometer,Q43A,Request for police assistance,"In the past 12 months, have you requested assistance from the police?",institutional_trust,Mali,240.0,0.8825,SKEWED WEAK_SIGNAL,5.0,Q50A,Likelihood of increased community standing for a woman who runs for office,"If a woman in your community runs for elected office, how likely is it that she and her family will gain standing in the community?",social_attitudes,0.00333,0.00186
afrobarometer,Q43A,Request for police assistance,"In the past 12 months, have you requested assistance from the police?",institutional_trust,Mali,240.0,0.8825,SKEWED WEAK_SIGNAL,6.0,Q76A,Opinion on making local government budgets public,Should budgets and expenditures for the local government council be made public?,political_attitudes,0.00333,0.00186
afrobarometer,Q43A,Request for police assistance,"In the past 12 months, have you requested assistance from the police?",institutional_trust,Mali,240.0,0.8825,SKEWED WEAK_SIGNAL,7.0,Q46D,Government performance on keeping prices stable,How well or badly would you say the current government is handling keeping prices stable?,institutional_trust,0.00333,0.00186
afrobarometer,Q43A,Request for police assistance,"In the past 12 months, have you requested assistance from the police?",institutional_trust,Mali,240.0,0.8825,SKEWED WEAK_SIGNAL,8.0,Q8,How often discuss politics,"When you get together with your friends or family, how often would you say you discuss political matters?",political_participation,0.0025,0.00228
afrobarometer,Q43A,Request for police assistance,"In the past 12 months, have you requested assistance from the police?",institutional_trust,Mali,240.0,0.8825,SKEWED WEAK_SIGNAL,9.0,Q46N,Government performance on promoting equal rights and opportunities for women,How well or badly would you say the current government is at promoting equal rights and opportunities for women?,institutional_trust,0.0025,0.00373
afrobarometer,Q43A,Request for police assistance,"In the past 12 months, have you requested assistance from the police?",institutional_trust,Mali,240.0,0.8825,SKEWED WEAK_SIGNAL,10.0,Q51A,Opinion on whether the government should do more or less for women's rights and equality,"Should the government and elected officials do more, less, or about the same as they are doing now to advance the rights and equality of women?",social_attitudes,0.0025,0.00373
afrobarometer,Q67A,Awareness of climate change,Have you heard about climate change?,contemporary_issues,Angola,239.0,0.5042,CONCENTRATED,1.0,Q69,Who is primarily responsible for limiting climate change,Who should have primary responsibility for limiting climate change and reducing its impact?,contemporary_issues,0.49667,0.02193
afrobarometer,Q67A,Awareness of climate change,Have you heard about climate change?,contemporary_issues,Angola,239.0,0.5042,CONCENTRATED,2.0,Q78D,Awareness of Japan providing loans or development assistance to the country,"To your knowledge, does Japan give loans or development assistance to this country?",political_attitudes,0.00833,0.00295
afrobarometer,Q67A,Awareness of climate change,Have you heard about climate change?,contemporary_issues,Angola,239.0,0.5042,CONCENTRATED,3.0,Q39B,Safety of reporting corruption,"In this country, can ordinary people report incidents of corruption without fear, or do they risk retaliation or other negative consequences if they speak out?",institutional_trust,0.005,0.00186
afrobarometer,Q67A,Awareness of climate change,Have you heard about climate change?,contemporary_issues,Angola,239.0,0.5042,CONCENTRATED,4.0,Q37G,Trust in the police,How much do you trust the police?,institutional_trust,0.00417,0.0
afrobarometer,Q67A,Awareness of climate change,Have you heard about climate change?,contemporary_issues,Angola,239.0,0.5042,CONCENTRATED,5.0,Q48A,Who is responsible for ensuring MPs do their jobs,"Who should be responsible for making sure that, once elected, members of Parliament do their jobs?",institutional_trust,0.00417,0.0
afrobarometer,Q67A,Awareness of climate change,Have you heard about climate change?,contemporary_issues,Angola,239.0,0.5042,CONCENTRATED,6.0,Q37E,Trust in the ruling party,How much do you trust the ruling political party?,institutional_trust,0.00333,0.00186
afrobarometer,Q67A,Awareness of climate change,Have you heard about climate change?,contemporary_issues,Angola,239.0,0.5042,CONCENTRATED,7.0,Q41D,Respect received from healthcare staff,"When dealing with health workers and clinic or hospital staff, how much do you feel they treated you with respect?",institutional_trust,0.0025,0.00228
afrobarometer,Q67A,Awareness of climate change,Have you heard about climate change?,contemporary_issues,Angola,239.0,0.5042,CONCENTRATED,8.0,Q77,Perceived influence of China's economic activities on the national economy,How much influence do you think China's economic activities in this country have on our economy?,political_attitudes,0.0025,0.00228
afrobarometer,Q67A,Awareness of climate change,Have you heard about climate change?,contemporary_issues,Angola,239.0,0.5042,CONCENTRATED,9.0,Q85B,Children belong more to mother's or father's side,"In your family, do the children belong more to the mother's side, more to the father's side, or to both sides equally?",demographics,0.00167,0.00373
afrobarometer,Q67A,Awareness of climate change,Have you heard about climate change?,contemporary_issues,Angola,239.0,0.5042,CONCENTRATED,10.0,Q73A,Government regulation of natural resource extraction,Should the government impose stricter regulations on natural resource extraction to reduce environmental damage?,contemporary_issues,0.00167,0.00228
afrobarometer,Q67A,Awareness of climate change,Have you heard about climate change?,contemporary_issues,Gabon,244.0,0.6958,,1.0,Q70C,Do more to fight climate change: government,"Is the government doing enough to limit climate change, or should they do more?",contemporary_issues,0.21333,0.02193
afrobarometer,Q67A,Awareness of climate change,Have you heard about climate change?,contemporary_issues,Gabon,244.0,0.6958,,2.0,Q67B,Perception of climate change impact,Do you think climate change is making life in this country better or worse?,contemporary_issues,0.21333,0.02193
afrobarometer,Q67A,Awareness of climate change,Have you heard about climate change?,contemporary_issues,Gabon,244.0,0.6958,,3.0,Q69,Who is primarily responsible for limiting climate change,Who should have primary responsibility for limiting climate change and reducing its impact?,contemporary_issues,0.21333,0.02193
afrobarometer,Q67A,Awareness of climate change,Have you heard about climate change?,contemporary_issues,Gabon,244.0,0.6958,,4.0,Q68A,Belief in citizens' role in limiting climate change,Can ordinary citizens play a role in limiting climate change?,contemporary_issues,0.21333,0.02193
afrobarometer,Q67A,Awareness of climate change,Have you heard about climate change?,contemporary_issues,Gabon,244.0,0.6958,,5.0,Q70A,Do more to fight climate change: citizens,"Are ordinary citizens doing enough to limit climate change, or should they do more?",contemporary_issues,0.08417,0.00543
afrobarometer,Q67A,Awareness of climate change,Have you heard about climate change?,contemporary_issues,Gabon,244.0,0.6958,,6.0,Q4A,Country's present economic condition,"In general, how would you describe the present economic condition of this country?",political_attitudes,0.0,0.0
afrobarometer,Q67A,Awareness of climate change,Have you heard about climate change?,contemporary_issues,Gabon,244.0,0.6958,,7.0,Q5A,Country's economic condition compared to 12 months ago,"Looking back, how do you rate economic conditions in this country compared to 12 months ago?",political_attitudes,0.0,0.0
afrobarometer,Q67A,Awareness of climate change,Have you heard about climate change?,contemporary_issues,Gabon,244.0,0.6958,,8.0,Q4B,Your present living conditions,"In general, how would you describe your own present living conditions?",political_attitudes,0.0,0.0
afrobarometer,Q67A,Awareness of climate change,Have you heard about climate change?,contemporary_issues,Gabon,244.0,0.6958,,9.0,Q6A,How often gone without food,"Over the past year, how often, if ever, have you or anyone in your family gone without enough food to eat?",wellbeing,0.0,0.0
afrobarometer,Q67A,Awareness of climate change,Have you heard about climate change?,contemporary_issues,Gabon,244.0,0.6958,,10.0,Q6B,How often gone without water,"Over the past year, how often, if ever, have you or anyone in your family gone without enough clean water for home use?",wellbeing,0.0,0.0
afrobarometer,Q67A,Awareness of climate change,Have you heard about climate change?,contemporary_issues,Mali,244.0,0.5925,,1.0,Q69,Who is primarily responsible for limiting climate change,Who should have primary responsibility for limiting climate change and reducing its impact?,contemporary_issues,0.22594,0.017
afrobarometer,Q67A,Awareness of climate change,Have you heard about climate change?,contemporary_issues,Mali,244.0,0.5925,,2.0,Q68B,Belief in government action against climate change,"Should the government take steps now to limit climate change, even if it is expensive or causes job losses?",contemporary_issues,0.2251,0.01833
afrobarometer,Q67A,Awareness of climate change,Have you heard about climate change?,contemporary_issues,Mali,244.0,0.5925,,3.0,Q70A,Do more to fight climate change: citizens,"Are ordinary citizens doing enough to limit climate change, or should they do more?",contemporary_issues,0.2251,0.0171
afrobarometer,Q67A,Awareness of climate change,Have you heard about climate change?,contemporary_issues,Mali,244.0,0.5925,,4.0,Q70C,Do more to fight climate change: government,"Is the government doing enough to limit climate change, or should they do more?",contemporary_issues,0.22427,0.01838
afrobarometer,Q67A,Awareness of climate change,Have you heard about climate change?,contemporary_issues,Mali,244.0,0.5925,,5.0,Q4A,Country's present economic condition,"In general, how would you describe the present economic condition of this country?",political_attitudes,0.0,0.0
afrobarometer,Q67A,Awareness of climate change,Have you heard about climate change?,contemporary_issues,Mali,244.0,0.5925,,6.0,Q4B,Your present living conditions,"In general, how would you describe your own present living conditions?",political_attitudes,0.0,0.0
afrobarometer,Q67A,Awareness of climate change,Have you heard about climate change?,contemporary_issues,Mali,244.0,0.5925,,7.0,Q5A,Country's economic condition compared to 12 months ago,"Looking back, how do you rate economic conditions in this country compared to 12 months ago?",political_attitudes,0.0,0.0
afrobarometer,Q67A,Awareness of climate change,Have you heard about climate change?,contemporary_issues,Mali,244.0,0.5925,,8.0,Q5B,Country's economic condition in 12 months' time,"Looking ahead, do you expect economic conditions in this country to be better or worse in 12 months' time?",political_attitudes,0.0,0.0
afrobarometer,Q67A,Awareness of climate change,Have you heard about climate change?,contemporary_issues,Mali,244.0,0.5925,,9.0,Q6A,How often gone without food,"Over the past year, how often, if ever, have you or anyone in your family gone without enough food to eat?",wellbeing,0.0,0.0
afrobarometer,Q67A,Awareness of climate change,Have you heard about climate change?,contemporary_issues,Mali,244.0,0.5925,,10.0,Q6B,How often gone without water,"Over the past year, how often, if ever, have you or anyone in your family gone without enough clean water for home use?",wellbeing,0.0,0.0
afrobarometer,Q18,Govt gets things done vs govt accountable to citizens,"Which of the following statements is closest to your view? Statement 1: It is more important to have a government that can get things done, even if we have no influence over what it does. Statement 2: It is more important for citizens to be able to hold government accountable, even if that means it makes decisions more slowly?",political_attitudes,Angola,239.0,0.2733,,1.0,Q17,Media checks government vs avoid negative reporting,"Which of the following statements is closest to your view? Statement 1: The news media should constantly investigate and report on government mistakes and corruption. Statement 2: Too much reporting on negative events, like government mistakes and corruption, only harms the country?",political_attitudes,0.01667,0.0051
afrobarometer,Q18,Govt gets things done vs govt accountable to citizens,"Which of the following statements is closest to your view? Statement 1: It is more important to have a government that can get things done, even if we have no influence over what it does. Statement 2: It is more important for citizens to be able to hold government accountable, even if that means it makes decisions more slowly?",political_attitudes,Angola,239.0,0.2733,,2.0,Q88B,Others see respondent as citizen like them,Do you agree or disagree with the following statement: Other citizens think of me as a citizen just like them?,values_identity,0.01,0.00812
afrobarometer,Q18,Govt gets things done vs govt accountable to citizens,"Which of the following statements is closest to your view? Statement 1: It is more important to have a government that can get things done, even if we have no influence over what it does. Statement 2: It is more important for citizens to be able to hold government accountable, even if that means it makes decisions more slowly?",political_attitudes,Angola,239.0,0.2733,,3.0,Q72B,Most important environmental issue in community,What is the most important environmental issue in your community?,contemporary_issues,0.00917,0.00618
afrobarometer,Q18,Govt gets things done vs govt accountable to citizens,"Which of the following statements is closest to your view? Statement 1: It is more important to have a government that can get things done, even if we have no influence over what it does. Statement 2: It is more important for citizens to be able to hold government accountable, even if that means it makes decisions more slowly?",political_attitudes,Angola,239.0,0.2733,,4.0,Q93A,Employment status,"Do you have a job that pays a cash income? If yes, is it full-time or part-time? If no, are you presently looking for a job?",demographics,0.00583,0.00475
afrobarometer,Q18,Govt gets things done vs govt accountable to citizens,"Which of the following statements is closest to your view? Statement 1: It is more important to have a government that can get things done, even if we have no influence over what it does. Statement 2: It is more important for citizens to be able to hold government accountable, even if that means it makes decisions more slowly?",political_attitudes,Angola,239.0,0.2733,,5.0,Q90I,How often use the Internet,How often do you use the Internet?,demographics,0.00583,0.00475
afrobarometer,Q18,Govt gets things done vs govt accountable to citizens,"Which of the following statements is closest to your view? Statement 1: It is more important to have a government that can get things done, even if we have no influence over what it does. Statement 2: It is more important for citizens to be able to hold government accountable, even if that means it makes decisions more slowly?",political_attitudes,Angola,239.0,0.2733,,6.0,Q11E,Contact traditional leader,"During the past year, how often have you contacted a traditional leader about an important problem or to give your views?",political_participation,0.005,0.00186
afrobarometer,Q18,Govt gets things done vs govt accountable to citizens,"Which of the following statements is closest to your view? Statement 1: It is more important to have a government that can get things done, even if we have no influence over what it does. Statement 2: It is more important for citizens to be able to hold government accountable, even if that means it makes decisions more slowly?",political_attitudes,Angola,239.0,0.2733,,7.0,Q21B,Women have equal right to land,Do you agree or disagree that: Women should have the same rights as men to own and inherit land?,social_attitudes,0.005,0.00903
afrobarometer,Q18,Govt gets things done vs govt accountable to citizens,"Which of the following statements is closest to your view? Statement 1: It is more important to have a government that can get things done, even if we have no influence over what it does. Statement 2: It is more important for citizens to be able to hold government accountable, even if that means it makes decisions more slowly?",political_attitudes,Angola,239.0,0.2733,,8.0,Q38G,Perceived corruption among tax officials,"How many tax officials, such as those from the national revenue authority, do you think are involved in corruption?",institutional_trust,0.005,0.00685
afrobarometer,Q18,Govt gets things done vs govt accountable to citizens,"Which of the following statements is closest to your view? Statement 1: It is more important to have a government that can get things done, even if we have no influence over what it does. Statement 2: It is more important for citizens to be able to hold government accountable, even if that means it makes decisions more slowly?",political_attitudes,Angola,239.0,0.2733,,9.0,Q28,President free to act vs obey the laws and courts,"Which of the following statements is closest to your view?
Statement 1: Since the country's president was elected to lead the country, they should not be bound by laws or court decisions that the country's president thinks are wrong.
Statement 2: The the country's president must always obey the laws and the courts, even if they think they are wrong?",political_attitudes,0.00417,0.0051
afrobarometer,Q18,Govt gets things done vs govt accountable to citizens,"Which of the following statements is closest to your view? Statement 1: It is more important to have a government that can get things done, even if we have no influence over what it does. Statement 2: It is more important for citizens to be able to hold government accountable, even if that means it makes decisions more slowly?",political_attitudes,Angola,239.0,0.2733,,10.0,Q37I,Trust in the courts of law,How much do you trust the courts of law?,institutional_trust,0.00417,0.01062
afrobarometer,Q18,Govt gets things done vs govt accountable to citizens,"Which of the following statements is closest to your view? Statement 1: It is more important to have a government that can get things done, even if we have no influence over what it does. Statement 2: It is more important for citizens to be able to hold government accountable, even if that means it makes decisions more slowly?",political_attitudes,Gabon,244.0,0.2879,,1.0,Q73B,Public voice in natural resource extraction decisions,Do ordinary citizens have a voice in decisions about natural resource extraction near their communities?,contemporary_issues,0.02092,0.00512
afrobarometer,Q18,Govt gets things done vs govt accountable to citizens,"Which of the following statements is closest to your view? Statement 1: It is more important to have a government that can get things done, even if we have no influence over what it does. Statement 2: It is more important for citizens to be able to hold government accountable, even if that means it makes decisions more slowly?",political_attitudes,Gabon,244.0,0.2879,,2.0,Q16,Media free to publish vs government control,Which of the following statements is closest to your view?Statement 1: The media should have the right to publish any views and ideas without government control. Statement 2: The government should have the right to prevent the media from publishing things that it disapproves of?,political_attitudes,0.01841,0.00868
afrobarometer,Q18,Govt gets things done vs govt accountable to citizens,"Which of the following statements is closest to your view? Statement 1: It is more important to have a government that can get things done, even if we have no influence over what it does. Statement 2: It is more important for citizens to be able to hold government accountable, even if that means it makes decisions more slowly?",political_attitudes,Gabon,244.0,0.2879,,3.0,Q5B,Country's economic condition in 12 months' time,"Looking ahead, do you expect economic conditions in this country to be better or worse in 12 months' time?",political_attitudes,0.01674,0.00662
afrobarometer,Q18,Govt gets things done vs govt accountable to citizens,"Which of the following statements is closest to your view? Statement 1: It is more important to have a government that can get things done, even if we have no influence over what it does. Statement 2: It is more important for citizens to be able to hold government accountable, even if that means it makes decisions more slowly?",political_attitudes,Gabon,244.0,0.2879,,4.0,Q38E,Perceived corruption in the police force,How many police officers do you think are involved in corruption?,institutional_trust,0.01506,0.00477
afrobarometer,Q18,Govt gets things done vs govt accountable to citizens,"Which of the following statements is closest to your view? Statement 1: It is more important to have a government that can get things done, even if we have no influence over what it does. Statement 2: It is more important for citizens to be able to hold government accountable, even if that means it makes decisions more slowly?",political_attitudes,Gabon,244.0,0.2879,,5.0,Q33A,How often party competition leads to conflict,"In your opinion, how often, in this country does competition between political parties lead to violent conflict?",wellbeing,0.01423,0.01008
afrobarometer,Q18,Govt gets things done vs govt accountable to citizens,"Which of the following statements is closest to your view? Statement 1: It is more important to have a government that can get things done, even if we have no influence over what it does. Statement 2: It is more important for citizens to be able to hold government accountable, even if that means it makes decisions more slowly?",political_attitudes,Gabon,244.0,0.2879,,6.0,Q19B,Elected officials follow voter demands vs follow own ideas,Which of the following statements is closest to your view? Choose Statement 1 or Statement 2. Statement 1: Statement 1: Our elected officials should listen to voters' views and do what they demand. Statement 2: Our elected leaders should follow their own ideas in deciding what is best for the country?,political_attitudes,0.01423,0.00561
afrobarometer,Q18,Govt gets things done vs govt accountable to citizens,"Which of the following statements is closest to your view? Statement 1: It is more important to have a government that can get things done, even if we have no influence over what it does. Statement 2: It is more important for citizens to be able to hold government accountable, even if that means it makes decisions more slowly?",political_attitudes,Gabon,244.0,0.2879,,7.0,Q74D,Frequency of getting news from the internet,How often do you get news from the internet?,contemporary_issues,0.01255,0.00662
afrobarometer,Q18,Govt gets things done vs govt accountable to citizens,"Which of the following statements is closest to your view? Statement 1: It is more important to have a government that can get things done, even if we have no influence over what it does. Statement 2: It is more important for citizens to be able to hold government accountable, even if that means it makes decisions more slowly?",political_attitudes,Gabon,244.0,0.2879,,8.0,Q72D,Who is responsible for reducing pollution,Who should be primarily responsible for reducing pollution and keeping your community clean?,contemporary_issues,0.01255,0.00296
afrobarometer,Q18,Govt gets things done vs govt accountable to citizens,"Which of the following statements is closest to your view? Statement 1: It is more important to have a government that can get things done, even if we have no influence over what it does. Statement 2: It is more important for citizens to be able to hold government accountable, even if that means it makes decisions more slowly?",political_attitudes,Gabon,244.0,0.2879,,9.0,Q93B,Occupation of respondent,"What is your main occupation? If unemployed, retired, or disabled, what was your last main occupation?",demographics,0.01172,0.0035
afrobarometer,Q18,Govt gets things done vs govt accountable to citizens,"Which of the following statements is closest to your view? Statement 1: It is more important to have a government that can get things done, even if we have no influence over what it does. Statement 2: It is more important for citizens to be able to hold government accountable, even if that means it makes decisions more slowly?",political_attitudes,Gabon,244.0,0.2879,,10.0,Q33I,Treated unfairly by government based on economic status,"How often, if ever, are people treated unfairly by the government based on their economic status, that is, how rich or poor they are?",institutional_trust,0.01088,0.00477
afrobarometer,Q18,Govt gets things done vs govt accountable to citizens,"Which of the following statements is closest to your view? Statement 1: It is more important to have a government that can get things done, even if we have no influence over what it does. Statement 2: It is more important for citizens to be able to hold government accountable, even if that means it makes decisions more slowly?",political_attitudes,Mali,244.0,0.4277,,1.0,Q19A,Government like a boss vs like an employee,Which of the following statements is closest to your view? Statement 1: The government is like the people's boss. People should respect the government and do what it directs. Statement 2: The government is like the people's employee. It should respect the citizens and do what they request?,political_attitudes,0.0175,0.01485
afrobarometer,Q18,Govt gets things done vs govt accountable to citizens,"Which of the following statements is closest to your view? Statement 1: It is more important to have a government that can get things done, even if we have no influence over what it does. Statement 2: It is more important for citizens to be able to hold government accountable, even if that means it makes decisions more slowly?",political_attitudes,Mali,244.0,0.4277,,2.0,Q7B,How often feared crime in home,"Over the past year, how often, if ever, have you or anyone in your family feared crime in your own home?",wellbeing,0.01333,0.00543
afrobarometer,Q18,Govt gets things done vs govt accountable to citizens,"Which of the following statements is closest to your view? Statement 1: It is more important to have a government that can get things done, even if we have no influence over what it does. Statement 2: It is more important for citizens to be able to hold government accountable, even if that means it makes decisions more slowly?",political_attitudes,Mali,244.0,0.4277,,3.0,Q27B,President monitored by parliament vs free to act on own,Which of the following statements is closest to your view? Statement 1: Parliament should ensure that the president explains to it on a regular basis how their government spends taxpayers' money. Statement 2: The president should be able to devote full attention to developing the country rather than wasting time justifying their actions?,political_attitudes,0.0125,0.0078
afrobarometer,Q18,Govt gets things done vs govt accountable to citizens,"Which of the following statements is closest to your view? Statement 1: It is more important to have a government that can get things done, even if we have no influence over what it does. Statement 2: It is more important for citizens to be able to hold government accountable, even if that means it makes decisions more slowly?",political_attitudes,Mali,244.0,0.4277,,4.0,Q26,Democracy needs political party turnover vs ok if one party always wins,"Which of the following statements is closest to your view? Statement 1: In a democracy, it is better if power sometimes changes hands in elections from one political party to another. Statement 2: In a democracy, as long as a government is elected by the people in a free and fair election, it doesn't matter if one party always wins and continuously governs the country?",political_attitudes,0.01167,0.01485
afrobarometer,Q18,Govt gets things done vs govt accountable to citizens,"Which of the following statements is closest to your view? Statement 1: It is more important to have a government that can get things done, even if we have no influence over what it does. Statement 2: It is more important for citizens to be able to hold government accountable, even if that means it makes decisions more slowly?",political_attitudes,Mali,244.0,0.4277,,5.0,Q8,How often discuss politics,"When you get together with your friends or family, how often would you say you discuss political matters?",political_participation,0.00917,0.00543
afrobarometer,Q18,Govt gets things done vs govt accountable to citizens,"Which of the following statements is closest to your view? Statement 1: It is more important to have a government that can get things done, even if we have no influence over what it does. Statement 2: It is more important for citizens to be able to hold government accountable, even if that means it makes decisions more slowly?",political_attitudes,Mali,244.0,0.4277,,6.0,Q73A,Government regulation of natural resource extraction,Should the government impose stricter regulations on natural resource extraction to reduce environmental damage?,contemporary_issues,0.00833,0.00417
afrobarometer,Q18,Govt gets things done vs govt accountable to citizens,"Which of the following statements is closest to your view? Statement 1: It is more important to have a government that can get things done, even if we have no influence over what it does. Statement 2: It is more important for citizens to be able to hold government accountable, even if that means it makes decisions more slowly?",political_attitudes,Mali,244.0,0.4277,,7.0,Q50B,Likelihood of criticism or harassment for a woman who runs for office,"If a woman in your community runs for elected office, how likely is it that she will be criticized, called names, or harassed by others in the community?",social_attitudes,0.0075,0.00349
afrobarometer,Q18,Govt gets things done vs govt accountable to citizens,"Which of the following statements is closest to your view? Statement 1: It is more important to have a government that can get things done, even if we have no influence over what it does. Statement 2: It is more important for citizens to be able to hold government accountable, even if that means it makes decisions more slowly?",political_attitudes,Mali,244.0,0.4277,,8.0,Q33H,How free is news media,"In your opinion, how free is the news media in this country to report and comment on the news without censorship or interference by the government?",political_attitudes,0.00667,0.00632
afrobarometer,Q18,Govt gets things done vs govt accountable to citizens,"Which of the following statements is closest to your view? Statement 1: It is more important to have a government that can get things done, even if we have no influence over what it does. Statement 2: It is more important for citizens to be able to hold government accountable, even if that means it makes decisions more slowly?",political_attitudes,Mali,244.0,0.4277,,9.0,Q34B,Local government councillors listen,How much of the time do you think the members of local government council try their best to listen to what ordinary people have to say?,institutional_trust,0.00667,0.00475
afrobarometer,Q18,Govt gets things done vs govt accountable to citizens,"Which of the following statements is closest to your view? Statement 1: It is more important to have a government that can get things done, even if we have no influence over what it does. Statement 2: It is more important for citizens to be able to hold government accountable, even if that means it makes decisions more slowly?",political_attitudes,Mali,244.0,0.4277,,10.0,Q6E,How often gone without cash income,"Over the past year, how often, if ever, have you or anyone in your family gone without a cash income?",wellbeing,0.00667,0.00864
afrobarometer,Q15,Government bans organizations vs join any,"Let's talk for a moment about the kind of society you would like to have in this country. Which of the following statements is closest to your view? Statement 1: The government should be able to ban any organization that goes against its policies. Statement 2: We should be able to join any organization, whether or not the government approves of it?",political_attitudes,Angola,239.0,0.3475,,1.0,Q27A,Parliament makes laws vs president does,"Which of the following statements is closest to your view? Statement 1: Members of Parliament represent the people; therefore they should make laws for this country, even if the president does not agree. Statement 2: Since the president represents all of us, he should pass laws without worrying about what Parliament thinks?",political_attitudes,0.04083,0.00685
afrobarometer,Q15,Government bans organizations vs join any,"Let's talk for a moment about the kind of society you would like to have in this country. Which of the following statements is closest to your view? Statement 1: The government should be able to ban any organization that goes against its policies. Statement 2: We should be able to join any organization, whether or not the government approves of it?",political_attitudes,Angola,239.0,0.3475,,2.0,Q54,Perception of domestic violence as a private matter vs. a criminal matter,"Which of the following statements is closest to your view? 
Statement 1: Domestic violence is a private matter that should be resolved within the family. 
Statement 2: Domestic violence is a criminal matter that requires the involvement of law enforcement agencies?",values_identity,0.02667,0.00559
afrobarometer,Q15,Government bans organizations vs join any,"Let's talk for a moment about the kind of society you would like to have in this country. Which of the following statements is closest to your view? Statement 1: The government should be able to ban any organization that goes against its policies. Statement 2: We should be able to join any organization, whether or not the government approves of it?",political_attitudes,Angola,239.0,0.3475,,3.0,Q19B,Elected officials follow voter demands vs follow own ideas,Which of the following statements is closest to your view? Choose Statement 1 or Statement 2. Statement 1: Statement 1: Our elected officials should listen to voters' views and do what they demand. Statement 2: Our elected leaders should follow their own ideas in deciding what is best for the country?,political_attitudes,0.0225,0.00697
afrobarometer,Q15,Government bans organizations vs join any,"Let's talk for a moment about the kind of society you would like to have in this country. Which of the following statements is closest to your view? Statement 1: The government should be able to ban any organization that goes against its policies. Statement 2: We should be able to join any organization, whether or not the government approves of it?",political_attitudes,Angola,239.0,0.3475,,4.0,Q16,Media free to publish vs government control,Which of the following statements is closest to your view?Statement 1: The media should have the right to publish any views and ideas without government control. Statement 2: The government should have the right to prevent the media from publishing things that it disapproves of?,political_attitudes,0.02083,0.01998
afrobarometer,Q15,Government bans organizations vs join any,"Let's talk for a moment about the kind of society you would like to have in this country. Which of the following statements is closest to your view? Statement 1: The government should be able to ban any organization that goes against its policies. Statement 2: We should be able to join any organization, whether or not the government approves of it?",political_attitudes,Angola,239.0,0.3475,,5.0,Q33C,How often president ignores parliament,"In your opinion, how often, in this country does the president ignore Parliament and just do what he wants?",institutional_trust,0.02,0.00618
afrobarometer,Q15,Government bans organizations vs join any,"Let's talk for a moment about the kind of society you would like to have in this country. Which of the following statements is closest to your view? Statement 1: The government should be able to ban any organization that goes against its policies. Statement 2: We should be able to join any organization, whether or not the government approves of it?",political_attitudes,Angola,239.0,0.3475,,6.0,Q17,Media checks government vs avoid negative reporting,"Which of the following statements is closest to your view? Statement 1: The news media should constantly investigate and report on government mistakes and corruption. Statement 2: Too much reporting on negative events, like government mistakes and corruption, only harms the country?",political_attitudes,0.01833,0.01003
afrobarometer,Q15,Government bans organizations vs join any,"Let's talk for a moment about the kind of society you would like to have in this country. Which of the following statements is closest to your view? Statement 1: The government should be able to ban any organization that goes against its policies. Statement 2: We should be able to join any organization, whether or not the government approves of it?",political_attitudes,Angola,239.0,0.3475,,7.0,Q20,Men only as leaders vs women leaders,"Which of the following statements is closest to your view? Statement 1: Men make better political leaders than women, and should be elected rather than women. Statement 2: Women should have the same chance of being elected to political office as men?",social_attitudes,0.01667,0.00659
afrobarometer,Q15,Government bans organizations vs join any,"Let's talk for a moment about the kind of society you would like to have in this country. Which of the following statements is closest to your view? Statement 1: The government should be able to ban any organization that goes against its policies. Statement 2: We should be able to join any organization, whether or not the government approves of it?",political_attitudes,Angola,239.0,0.3475,,8.0,Q90C,"Own motor vehicle, car or motorcycle","Do you personally own a motor vehicle, car, or motorcycle? If not, does anyone else in your household own one?",demographics,0.01583,0.00543
afrobarometer,Q15,Government bans organizations vs join any,"Let's talk for a moment about the kind of society you would like to have in this country. Which of the following statements is closest to your view? Statement 1: The government should be able to ban any organization that goes against its policies. Statement 2: We should be able to join any organization, whether or not the government approves of it?",political_attitudes,Angola,239.0,0.3475,,9.0,Q18,Govt gets things done vs govt accountable to citizens,"Which of the following statements is closest to your view? Statement 1: It is more important to have a government that can get things done, even if we have no influence over what it does. Statement 2: It is more important for citizens to be able to hold government accountable, even if that means it makes decisions more slowly?",political_attitudes,0.015,0.00373
afrobarometer,Q15,Government bans organizations vs join any,"Let's talk for a moment about the kind of society you would like to have in this country. Which of the following statements is closest to your view? Statement 1: The government should be able to ban any organization that goes against its policies. Statement 2: We should be able to join any organization, whether or not the government approves of it?",political_attitudes,Angola,239.0,0.3475,,10.0,Q26,Democracy needs political party turnover vs ok if one party always wins,"Which of the following statements is closest to your view? Statement 1: In a democracy, it is better if power sometimes changes hands in elections from one political party to another. Statement 2: In a democracy, as long as a government is elected by the people in a free and fair election, it doesn't matter if one party always wins and continuously governs the country?",political_attitudes,0.01333,0.00543
afrobarometer,Q15,Government bans organizations vs join any,"Let's talk for a moment about the kind of society you would like to have in this country. Which of the following statements is closest to your view? Statement 1: The government should be able to ban any organization that goes against its policies. Statement 2: We should be able to join any organization, whether or not the government approves of it?",political_attitudes,Gabon,244.0,0.5903,WEAK_SIGNAL,1.0,Q17,Media checks government vs avoid negative reporting,"Which of the following statements is closest to your view? Statement 1: The news media should constantly investigate and report on government mistakes and corruption. Statement 2: Too much reporting on negative events, like government mistakes and corruption, only harms the country?",political_attitudes,0.00833,0.0078
afrobarometer,Q15,Government bans organizations vs join any,"Let's talk for a moment about the kind of society you would like to have in this country. Which of the following statements is closest to your view? Statement 1: The government should be able to ban any organization that goes against its policies. Statement 2: We should be able to join any organization, whether or not the government approves of it?",political_attitudes,Gabon,244.0,0.5903,WEAK_SIGNAL,2.0,Q46J,Government performance on fighting corruption,How well or badly would you say the current government is at fighting corruption in government?,institutional_trust,0.00583,0.00228
afrobarometer,Q15,Government bans organizations vs join any,"Let's talk for a moment about the kind of society you would like to have in this country. Which of the following statements is closest to your view? Statement 1: The government should be able to ban any organization that goes against its policies. Statement 2: We should be able to join any organization, whether or not the government approves of it?",political_attitudes,Gabon,244.0,0.5903,WEAK_SIGNAL,3.0,Q51B,Most important women's rights issue that government should address,Which women's rights and equality issues is the most important for the government and society to address?,social_attitudes,0.00583,0.00228
afrobarometer,Q15,Government bans organizations vs join any,"Let's talk for a moment about the kind of society you would like to have in this country. Which of the following statements is closest to your view? Statement 1: The government should be able to ban any organization that goes against its policies. Statement 2: We should be able to join any organization, whether or not the government approves of it?",political_attitudes,Gabon,244.0,0.5903,WEAK_SIGNAL,4.0,Q6E,How often gone without cash income,"Over the past year, how often, if ever, have you or anyone in your family gone without a cash income?",wellbeing,0.005,0.00349
afrobarometer,Q15,Government bans organizations vs join any,"Let's talk for a moment about the kind of society you would like to have in this country. Which of the following statements is closest to your view? Statement 1: The government should be able to ban any organization that goes against its policies. Statement 2: We should be able to join any organization, whether or not the government approves of it?",political_attitudes,Gabon,244.0,0.5903,WEAK_SIGNAL,5.0,Q84D,Same ethnic group as mother,Are you from the same ethnic community or cultural group as your mother?,demographics,0.00417,0.0
afrobarometer,Q15,Government bans organizations vs join any,"Let's talk for a moment about the kind of society you would like to have in this country. Which of the following statements is closest to your view? Statement 1: The government should be able to ban any organization that goes against its policies. Statement 2: We should be able to join any organization, whether or not the government approves of it?",political_attitudes,Gabon,244.0,0.5903,WEAK_SIGNAL,6.0,Q91C,Location of toilet or latrine,Where is your household's toilet or latrine located?,wellbeing,0.00333,0.00186
afrobarometer,Q15,Government bans organizations vs join any,"Let's talk for a moment about the kind of society you would like to have in this country. Which of the following statements is closest to your view? Statement 1: The government should be able to ban any organization that goes against its policies. Statement 2: We should be able to join any organization, whether or not the government approves of it?",political_attitudes,Gabon,244.0,0.5903,WEAK_SIGNAL,7.0,Q87A,Neighbours: people of different religion,Would you like having people of a different religion as neighbours?,social_attitudes,0.0025,0.00228
afrobarometer,Q15,Government bans organizations vs join any,"Let's talk for a moment about the kind of society you would like to have in this country. Which of the following statements is closest to your view? Statement 1: The government should be able to ban any organization that goes against its policies. Statement 2: We should be able to join any organization, whether or not the government approves of it?",political_attitudes,Gabon,244.0,0.5903,WEAK_SIGNAL,8.0,Q93A,Employment status,"Do you have a job that pays a cash income? If yes, is it full-time or part-time? If no, are you presently looking for a job?",demographics,0.0025,0.00228
afrobarometer,Q15,Government bans organizations vs join any,"Let's talk for a moment about the kind of society you would like to have in this country. Which of the following statements is closest to your view? Statement 1: The government should be able to ban any organization that goes against its policies. Statement 2: We should be able to join any organization, whether or not the government approves of it?",political_attitudes,Gabon,244.0,0.5903,WEAK_SIGNAL,9.0,Q34A,MPs listen,How much of the time do you think the members of Parliament try their best to listen to what ordinary people have to say?,institutional_trust,0.0025,0.00228
afrobarometer,Q15,Government bans organizations vs join any,"Let's talk for a moment about the kind of society you would like to have in this country. Which of the following statements is closest to your view? Statement 1: The government should be able to ban any organization that goes against its policies. Statement 2: We should be able to join any organization, whether or not the government approves of it?",political_attitudes,Gabon,244.0,0.5903,WEAK_SIGNAL,10.0,Q100,Gender of respondent,What is your gender?,demographics,0.0025,0.00228
afrobarometer,Q15,Government bans organizations vs join any,"Let's talk for a moment about the kind of society you would like to have in this country. Which of the following statements is closest to your view? Statement 1: The government should be able to ban any organization that goes against its policies. Statement 2: We should be able to join any organization, whether or not the government approves of it?",political_attitudes,Mali,244.0,0.435,,1.0,Q16,Media free to publish vs government control,Which of the following statements is closest to your view?Statement 1: The media should have the right to publish any views and ideas without government control. Statement 2: The government should have the right to prevent the media from publishing things that it disapproves of?,political_attitudes,0.01681,0.00891
afrobarometer,Q15,Government bans organizations vs join any,"Let's talk for a moment about the kind of society you would like to have in this country. Which of the following statements is closest to your view? Statement 1: The government should be able to ban any organization that goes against its policies. Statement 2: We should be able to join any organization, whether or not the government approves of it?",political_attitudes,Mali,244.0,0.435,,2.0,Q22A,Reject one-party rule,There are many ways to govern a country. Would you disapprove or approve of the following alternative: Only one political party is allowed to stand for election and hold office?,political_attitudes,0.00756,0.00623
afrobarometer,Q15,Government bans organizations vs join any,"Let's talk for a moment about the kind of society you would like to have in this country. Which of the following statements is closest to your view? Statement 1: The government should be able to ban any organization that goes against its policies. Statement 2: We should be able to join any organization, whether or not the government approves of it?",political_attitudes,Mali,244.0,0.435,,3.0,Q46J,Government performance on fighting corruption,How well or badly would you say the current government is at fighting corruption in government?,institutional_trust,0.00756,0.00352
afrobarometer,Q15,Government bans organizations vs join any,"Let's talk for a moment about the kind of society you would like to have in this country. Which of the following statements is closest to your view? Statement 1: The government should be able to ban any organization that goes against its policies. Statement 2: We should be able to join any organization, whether or not the government approves of it?",political_attitudes,Mali,244.0,0.435,,4.0,Q17,Media checks government vs avoid negative reporting,"Which of the following statements is closest to your view? Statement 1: The news media should constantly investigate and report on government mistakes and corruption. Statement 2: Too much reporting on negative events, like government mistakes and corruption, only harms the country?",political_attitudes,0.00672,0.01246
afrobarometer,Q15,Government bans organizations vs join any,"Let's talk for a moment about the kind of society you would like to have in this country. Which of the following statements is closest to your view? Statement 1: The government should be able to ban any organization that goes against its policies. Statement 2: We should be able to join any organization, whether or not the government approves of it?",political_attitudes,Mali,244.0,0.435,,5.0,Q73A,Government regulation of natural resource extraction,Should the government impose stricter regulations on natural resource extraction to reduce environmental damage?,contemporary_issues,0.00588,0.0023
afrobarometer,Q15,Government bans organizations vs join any,"Let's talk for a moment about the kind of society you would like to have in this country. Which of the following statements is closest to your view? Statement 1: The government should be able to ban any organization that goes against its policies. Statement 2: We should be able to join any organization, whether or not the government approves of it?",political_attitudes,Mali,244.0,0.435,,6.0,Q78B,Perceived economic and political influence of the United States on the country,Do you think that the economic and political influence of the United States on this country is mostly positive or mostly negative?,political_attitudes,0.00504,0.00352
afrobarometer,Q15,Government bans organizations vs join any,"Let's talk for a moment about the kind of society you would like to have in this country. Which of the following statements is closest to your view? Statement 1: The government should be able to ban any organization that goes against its policies. Statement 2: We should be able to join any organization, whether or not the government approves of it?",political_attitudes,Mali,244.0,0.435,,7.0,Q67B,Perception of climate change impact,Do you think climate change is making life in this country better or worse?,contemporary_issues,0.00504,0.0046
afrobarometer,Q15,Government bans organizations vs join any,"Let's talk for a moment about the kind of society you would like to have in this country. Which of the following statements is closest to your view? Statement 1: The government should be able to ban any organization that goes against its policies. Statement 2: We should be able to join any organization, whether or not the government approves of it?",political_attitudes,Mali,244.0,0.435,,8.0,Q12B,Elections ensure voters remove unrepresentative leaders,"Thinking about how elections work in practice in this country, how well do elections enable voters to remove from office leaders who do not do what the people want?",political_attitudes,0.00504,0.00188
afrobarometer,Q15,Government bans organizations vs join any,"Let's talk for a moment about the kind of society you would like to have in this country. Which of the following statements is closest to your view? Statement 1: The government should be able to ban any organization that goes against its policies. Statement 2: We should be able to join any organization, whether or not the government approves of it?",political_attitudes,Mali,244.0,0.435,,9.0,Q19B,Elected officials follow voter demands vs follow own ideas,Which of the following statements is closest to your view? Choose Statement 1 or Statement 2. Statement 1: Statement 1: Our elected officials should listen to voters' views and do what they demand. Statement 2: Our elected leaders should follow their own ideas in deciding what is best for the country?,political_attitudes,0.0042,0.00891
afrobarometer,Q15,Government bans organizations vs join any,"Let's talk for a moment about the kind of society you would like to have in this country. Which of the following statements is closest to your view? Statement 1: The government should be able to ban any organization that goes against its policies. Statement 2: We should be able to join any organization, whether or not the government approves of it?",political_attitudes,Mali,244.0,0.435,,10.0,Q13,Voting in the most recent national election,"In the last national election, did you vote, or not, or were you too young to vote? Or can't you remember whether you voted?",political_participation,0.0042,0.00515
afrobarometer,Q93B,Occupation of respondent,"What is your main occupation? If unemployed, retired, or disabled, what was your last main occupation?",demographics,Angola,239.0,0.2408,,1.0,Q84B,Ethnic group treated unfairly by government,"How often, if ever, are members of your ethnic group treated unfairly by the government?",social_attitudes,0.02308,0.00573
afrobarometer,Q93B,Occupation of respondent,"What is your main occupation? If unemployed, retired, or disabled, what was your last main occupation?",demographics,Angola,239.0,0.2408,,2.0,Q92A,Electric connection from mains,Do you have an electric connection to your home from the national power grid?,wellbeing,0.02222,0.00702
afrobarometer,Q93B,Occupation of respondent,"What is your main occupation? If unemployed, retired, or disabled, what was your last main occupation?",demographics,Angola,239.0,0.2408,,3.0,Q1,Respondent's age,How old are you?,demographics,0.01709,0.01863
afrobarometer,Q93B,Occupation of respondent,"What is your main occupation? If unemployed, retired, or disabled, what was your last main occupation?",demographics,Angola,239.0,0.2408,,4.0,Q90D,Own computer,"Do you personally own a computer? If not, does anyone else in your household own one?",demographics,0.01709,0.00523
afrobarometer,Q93B,Occupation of respondent,"What is your main occupation? If unemployed, retired, or disabled, what was your last main occupation?",demographics,Angola,239.0,0.2408,,5.0,Q53C,Likelihood of criticism or harassment for a woman reporting gender-based violence,"If a woman in your community reports being a victim of gender-based violence, how likely is it that she will be criticized, harassed, or shamed by others in the community?",institutional_trust,0.01282,0.00427
afrobarometer,Q93B,Occupation of respondent,"What is your main occupation? If unemployed, retired, or disabled, what was your last main occupation?",demographics,Angola,239.0,0.2408,,6.0,Q100,Gender of respondent,What is your gender?,demographics,0.01197,0.00975
afrobarometer,Q93B,Occupation of respondent,"What is your main occupation? If unemployed, retired, or disabled, what was your last main occupation?",demographics,Angola,239.0,0.2408,,7.0,Q37K,Trust in religious leaders,How much do you trust religious leaders?,institutional_trust,0.01111,0.00234
afrobarometer,Q93B,Occupation of respondent,"What is your main occupation? If unemployed, retired, or disabled, what was your last main occupation?",demographics,Angola,239.0,0.2408,,8.0,Q86E,Trust people from other religions,How much do you trust people from other religions?,social_attitudes,0.01111,0.00487
afrobarometer,Q93B,Occupation of respondent,"What is your main occupation? If unemployed, retired, or disabled, what was your last main occupation?",demographics,Angola,239.0,0.2408,,9.0,Q86C,Trust neighbours,How much do you trust your neighbours?,social_attitudes,0.01026,0.00487
afrobarometer,Q93B,Occupation of respondent,"What is your main occupation? If unemployed, retired, or disabled, what was your last main occupation?",demographics,Angola,239.0,0.2408,,10.0,Q41B,Difficulty obtaining medical care,How easy or difficult was it to obtain the medical care or services you needed?,institutional_trust,0.01026,0.00234
afrobarometer,Q93B,Occupation of respondent,"What is your main occupation? If unemployed, retired, or disabled, what was your last main occupation?",demographics,Gabon,244.0,0.2191,,1.0,Q93A,Employment status,"Do you have a job that pays a cash income? If yes, is it full-time or part-time? If no, are you presently looking for a job?",demographics,0.11213,0.00999
afrobarometer,Q93B,Occupation of respondent,"What is your main occupation? If unemployed, retired, or disabled, what was your last main occupation?",demographics,Gabon,244.0,0.2191,,2.0,Q1,Respondent's age,How old are you?,demographics,0.0251,0.00418
afrobarometer,Q93B,Occupation of respondent,"What is your main occupation? If unemployed, retired, or disabled, what was your last main occupation?",demographics,Gabon,244.0,0.2191,,3.0,Q100,Gender of respondent,What is your gender?,demographics,0.0159,0.00458
afrobarometer,Q93B,Occupation of respondent,"What is your main occupation? If unemployed, retired, or disabled, what was your last main occupation?",demographics,Gabon,244.0,0.2191,,4.0,Q11D,Contact political party official,"During the past year, how often have you contacted a political party official about an important problem or to give your views?",political_participation,0.01423,0.00635
afrobarometer,Q93B,Occupation of respondent,"What is your main occupation? If unemployed, retired, or disabled, what was your last main occupation?",demographics,Gabon,244.0,0.2191,,5.0,Q94,Education of respondent,What is your highest level of education?,demographics,0.01255,0.018
afrobarometer,Q93B,Occupation of respondent,"What is your main occupation? If unemployed, retired, or disabled, what was your last main occupation?",demographics,Gabon,244.0,0.2191,,6.0,Q54,Perception of domestic violence as a private matter vs. a criminal matter,"Which of the following statements is closest to your view? 
Statement 1: Domestic violence is a private matter that should be resolved within the family. 
Statement 2: Domestic violence is a criminal matter that requires the involvement of law enforcement agencies?",values_identity,0.01004,0.00477
afrobarometer,Q93B,Occupation of respondent,"What is your main occupation? If unemployed, retired, or disabled, what was your last main occupation?",demographics,Gabon,244.0,0.2191,,7.0,Q13,Voting in the most recent national election,"In the last national election, did you vote, or not, or were you too young to vote? Or can't you remember whether you voted?",political_participation,0.00837,0.00296
afrobarometer,Q93B,Occupation of respondent,"What is your main occupation? If unemployed, retired, or disabled, what was your last main occupation?",demographics,Gabon,244.0,0.2191,,8.0,Q49A,Perceived equality of job opportunities between men and women,Do women and men in this country have equal opportunities to get a job that pays a wage or salary?,social_attitudes,0.00837,0.00296
afrobarometer,Q93B,Occupation of respondent,"What is your main occupation? If unemployed, retired, or disabled, what was your last main occupation?",demographics,Gabon,244.0,0.2191,,9.0,Q92A,Electric connection from mains,Do you have an electric connection to your home from the national power grid?,wellbeing,0.00753,0.00187
afrobarometer,Q93B,Occupation of respondent,"What is your main occupation? If unemployed, retired, or disabled, what was your last main occupation?",demographics,Gabon,244.0,0.2191,,10.0,Q86A,Trust other citizens,How much do you trust other citizens of your country?,social_attitudes,0.00669,0.00477
afrobarometer,Q93B,Occupation of respondent,"What is your main occupation? If unemployed, retired, or disabled, what was your last main occupation?",demographics,Mali,244.0,0.3222,,1.0,Q100,Gender of respondent,What is your gender?,demographics,0.13702,0.01546
afrobarometer,Q93B,Occupation of respondent,"What is your main occupation? If unemployed, retired, or disabled, what was your last main occupation?",demographics,Mali,244.0,0.3222,,2.0,Q93A,Employment status,"Do you have a job that pays a cash income? If yes, is it full-time or part-time? If no, are you presently looking for a job?",demographics,0.06043,0.01889
afrobarometer,Q93B,Occupation of respondent,"What is your main occupation? If unemployed, retired, or disabled, what was your last main occupation?",demographics,Mali,244.0,0.3222,,3.0,Q92A,Electric connection from mains,Do you have an electric connection to your home from the national power grid?,wellbeing,0.05787,0.00645
afrobarometer,Q93B,Occupation of respondent,"What is your main occupation? If unemployed, retired, or disabled, what was your last main occupation?",demographics,Mali,244.0,0.3222,,4.0,Q94,Education of respondent,What is your highest level of education?,demographics,0.05191,0.00631
afrobarometer,Q93B,Occupation of respondent,"What is your main occupation? If unemployed, retired, or disabled, what was your last main occupation?",demographics,Mali,244.0,0.3222,,5.0,Q1,Respondent's age,How old are you?,demographics,0.02383,0.00381
afrobarometer,Q93B,Occupation of respondent,"What is your main occupation? If unemployed, retired, or disabled, what was your last main occupation?",demographics,Mali,244.0,0.3222,,6.0,Q90I,How often use the Internet,How often do you use the Internet?,demographics,0.01702,0.00602
afrobarometer,Q93B,Occupation of respondent,"What is your main occupation? If unemployed, retired, or disabled, what was your last main occupation?",demographics,Mali,244.0,0.3222,,7.0,Q84A,"Ethnic community, cultural group, or tribe",What is your ethnic community or cultural group?,demographics,0.01532,0.00381
afrobarometer,Q93B,Occupation of respondent,"What is your main occupation? If unemployed, retired, or disabled, what was your last main occupation?",demographics,Mali,244.0,0.3222,,8.0,REGION,"Region, province, or state of respondent",Which region/province/state do you live in?,demographics,0.01277,0.00301
afrobarometer,Q93B,Occupation of respondent,"What is your main occupation? If unemployed, retired, or disabled, what was your last main occupation?",demographics,Mali,244.0,0.3222,,9.0,Q74E,Frequency of getting news from social media,"How often do you get news from social media such as Facebook, Twitter, WhatsApp, or others?",contemporary_issues,0.01191,0.00555
afrobarometer,Q93B,Occupation of respondent,"What is your main occupation? If unemployed, retired, or disabled, what was your last main occupation?",demographics,Mali,244.0,0.3222,,10.0,Q90B,Own television,"Do you personally own a television? If not, does anyone else in your household own one?",demographics,0.01106,0.00485
arabbarometer,Q1005B,Retiree receives pension,Do you receive a pension?,demographics,Iraq,172.0,0.8732,SKEWED WEAK_SIGNAL,1.0,Q1,Governorate,In which governorate do you live?,demographics,0.0,0.0
arabbarometer,Q1005B,Retiree receives pension,Do you receive a pension?,demographics,Iraq,172.0,0.8732,SKEWED WEAK_SIGNAL,2.0,Q13,Urban or rural residence,"Is the area where you live urban, rural, or a camp?",demographics,0.0,0.0
arabbarometer,Q1005B,Retiree receives pension,Do you receive a pension?,demographics,Iraq,172.0,0.8732,SKEWED WEAK_SIGNAL,3.0,Q1001,Respondent age,How old are you?,demographics,0.0,0.0
arabbarometer,Q1005B,Retiree receives pension,Do you receive a pension?,demographics,Iraq,172.0,0.8732,SKEWED WEAK_SIGNAL,4.0,Q1002,Respondent gender,What is your gender?,demographics,0.0,0.0
arabbarometer,Q1005B,Retiree receives pension,Do you receive a pension?,demographics,Iraq,172.0,0.8732,SKEWED WEAK_SIGNAL,5.0,Q1014C,Household size,"Including yourself, how many family members live in this household on a permanent basis?",demographics,0.0,0.0
arabbarometer,Q1005B,Retiree receives pension,Do you receive a pension?,demographics,Iraq,172.0,0.8732,SKEWED WEAK_SIGNAL,6.0,Q1014D,Number of adults in household,"Of the people who live in this household, how many are age 18 and over?",demographics,0.0,0.0
arabbarometer,Q1005B,Retiree receives pension,Do you receive a pension?,demographics,Iraq,172.0,0.8732,SKEWED WEAK_SIGNAL,7.0,Q1014E,Number of children in household,"Of the people who live in this household, how many are under age 18?",demographics,0.0,0.0
arabbarometer,Q1005B,Retiree receives pension,Do you receive a pension?,demographics,Iraq,172.0,0.8732,SKEWED WEAK_SIGNAL,8.0,Q2061A,Most important national challenge,What is the most important challenge facing your country today?,political_attitudes,0.0,0.0
arabbarometer,Q1005B,Retiree receives pension,Do you receive a pension?,demographics,Iraq,172.0,0.8732,SKEWED WEAK_SIGNAL,9.0,Q262,Most serious economic issue,Which of the following economic issues is the most serious one facing your country?,political_attitudes,0.0,0.0
arabbarometer,Q1005B,Retiree receives pension,Do you receive a pension?,demographics,Iraq,172.0,0.8732,SKEWED WEAK_SIGNAL,10.0,Q101,Evaluation of current economy,How would you evaluate the current economic situation in your country?,political_attitudes,0.0,0.0
arabbarometer,Q1005B,Retiree receives pension,Do you receive a pension?,demographics,Kuwait,,,MISSING,,,,,,,
arabbarometer,Q1005B,Retiree receives pension,Do you receive a pension?,demographics,Mauritania,163.0,0.7941,WEAK_SIGNAL,1.0,Q1,Governorate,In which governorate do you live?,demographics,0.0,0.0
arabbarometer,Q1005B,Retiree receives pension,Do you receive a pension?,demographics,Mauritania,163.0,0.7941,WEAK_SIGNAL,2.0,Q13,Urban or rural residence,"Is the area where you live urban, rural, or a camp?",demographics,0.0,0.0
arabbarometer,Q1005B,Retiree receives pension,Do you receive a pension?,demographics,Mauritania,163.0,0.7941,WEAK_SIGNAL,3.0,Q1001,Respondent age,How old are you?,demographics,0.0,0.0
arabbarometer,Q1005B,Retiree receives pension,Do you receive a pension?,demographics,Mauritania,163.0,0.7941,WEAK_SIGNAL,4.0,Q1002,Respondent gender,What is your gender?,demographics,0.0,0.0
arabbarometer,Q1005B,Retiree receives pension,Do you receive a pension?,demographics,Mauritania,163.0,0.7941,WEAK_SIGNAL,5.0,Q1014C,Household size,"Including yourself, how many family members live in this household on a permanent basis?",demographics,0.0,0.0
arabbarometer,Q1005B,Retiree receives pension,Do you receive a pension?,demographics,Mauritania,163.0,0.7941,WEAK_SIGNAL,6.0,Q1014D,Number of adults in household,"Of the people who live in this household, how many are age 18 and over?",demographics,0.0,0.0
arabbarometer,Q1005B,Retiree receives pension,Do you receive a pension?,demographics,Mauritania,163.0,0.7941,WEAK_SIGNAL,7.0,Q1014E,Number of children in household,"Of the people who live in this household, how many are under age 18?",demographics,0.0,0.0
arabbarometer,Q1005B,Retiree receives pension,Do you receive a pension?,demographics,Mauritania,163.0,0.7941,WEAK_SIGNAL,8.0,Q2061A,Most important national challenge,What is the most important challenge facing your country today?,political_attitudes,0.0,0.0
arabbarometer,Q1005B,Retiree receives pension,Do you receive a pension?,demographics,Mauritania,163.0,0.7941,WEAK_SIGNAL,9.0,Q262,Most serious economic issue,Which of the following economic issues is the most serious one facing your country?,political_attitudes,0.0,0.0
arabbarometer,Q1005B,Retiree receives pension,Do you receive a pension?,demographics,Mauritania,163.0,0.7941,WEAK_SIGNAL,10.0,Q101,Evaluation of current economy,How would you evaluate the current economic situation in your country?,political_attitudes,0.0,0.0
arabbarometer,Q104,Thought about emigrating,Have you ever thought about emigrating from your country?,social_attitudes,Iraq,174.0,0.7231,,1.0,Q882,Past-year discrimination,"In the past year, have you personally faced discrimination?",social_attitudes,0.01123,0.00729
arabbarometer,Q104,Thought about emigrating,Have you ever thought about emigrating from your country?,social_attitudes,Iraq,174.0,0.7231,,2.0,Q129A_1,Use cheaper foods frequency,"In the past 7 days, how often did your household rely on less preferred and less expensive foods?",wellbeing,0.01081,0.00496
arabbarometer,Q104,Thought about emigrating,Have you ever thought about emigrating from your country?,social_attitudes,Iraq,174.0,0.7231,,3.0,Q867B,Life quality vs children,"Do you think your children's life quality will be better than, the same as, or worse than your own life quality?",wellbeing,0.00956,0.00913
arabbarometer,Q104,Thought about emigrating,Have you ever thought about emigrating from your country?,social_attitudes,Iraq,174.0,0.7231,,4.0,Q554,Concern about natural disasters,How concerned or unconcerned are you about natural disasters in your country?,contemporary_issues,0.00873,0.00228
arabbarometer,Q104,Thought about emigrating,Have you ever thought about emigrating from your country?,social_attitudes,Iraq,174.0,0.7231,,5.0,Q1002,Respondent gender,What is your gender?,demographics,0.00832,0.00764
arabbarometer,Q104,Thought about emigrating,Have you ever thought about emigrating from your country?,social_attitudes,Iraq,174.0,0.7231,,6.0,Q610_1,Frequency of daily prayer,"Do you pray daily always, most of the time, sometimes, rarely, or never?",values_identity,0.0079,0.00342
arabbarometer,Q104,Thought about emigrating,Have you ever thought about emigrating from your country?,social_attitudes,Iraq,174.0,0.7231,,7.0,Q1003,Highest education level,What is your highest level of education?,demographics,0.0079,0.00271
arabbarometer,Q104,Thought about emigrating,Have you ever thought about emigrating from your country?,social_attitudes,Iraq,174.0,0.7231,,8.0,Q1014C,Household size,"Including yourself, how many family members live in this household on a permanent basis?",demographics,0.0079,0.00474
arabbarometer,Q104,Thought about emigrating,Have you ever thought about emigrating from your country?,social_attitudes,Iraq,174.0,0.7231,,9.0,Q201B_15,Trust in tribal leaders,How much trust do you have in tribal leaders?,institutional_trust,0.00748,0.00186
arabbarometer,Q104,Thought about emigrating,Have you ever thought about emigrating from your country?,social_attitudes,Iraq,174.0,0.7231,,10.0,Q1,Governorate,In which governorate do you live?,demographics,0.00707,0.00599
arabbarometer,Q104,Thought about emigrating,Have you ever thought about emigrating from your country?,social_attitudes,Kuwait,145.0,0.8602,SKEWED WEAK_SIGNAL,1.0,Q907,Discrimination against Arab migrants,To what extent do you think migrants from other Arab countries are discriminated against in your country?,social_attitudes,0.00992,0.00691
arabbarometer,Q104,Thought about emigrating,Have you ever thought about emigrating from your country?,social_attitudes,Kuwait,145.0,0.8602,SKEWED WEAK_SIGNAL,2.0,Q1005,Employment status,"Are you currently employed, self-employed, retired, a housewife, a student, unemployed and/or looking for work, or something else?",demographics,0.00992,0.0037
arabbarometer,Q104,Thought about emigrating,Have you ever thought about emigrating from your country?,social_attitudes,Kuwait,145.0,0.8602,SKEWED WEAK_SIGNAL,3.0,QKUW38,Most-read Kuwaiti newspaper,Which daily Arabic-language Kuwaiti newspaper do you read most?,contemporary_issues,0.00744,0.00185
arabbarometer,Q104,Thought about emigrating,Have you ever thought about emigrating from your country?,social_attitudes,Kuwait,145.0,0.8602,SKEWED WEAK_SIGNAL,4.0,Q1001,Respondent age,How old are you?,demographics,0.00744,0.00346
arabbarometer,Q104,Thought about emigrating,Have you ever thought about emigrating from your country?,social_attitudes,Kuwait,145.0,0.8602,SKEWED WEAK_SIGNAL,5.0,Q540B_3,Impact of water scarcity,To what extent does water scarcity impact your everyday life?,contemporary_issues,0.00661,0.00226
arabbarometer,Q104,Thought about emigrating,Have you ever thought about emigrating from your country?,social_attitudes,Kuwait,145.0,0.8602,SKEWED WEAK_SIGNAL,6.0,Q105A,Neighborhood safety,How would you rate the safety of your neighborhood?,wellbeing,0.00579,0.00226
arabbarometer,Q104,Thought about emigrating,Have you ever thought about emigrating from your country?,social_attitudes,Kuwait,145.0,0.8602,SKEWED WEAK_SIGNAL,7.0,Q1003,Highest education level,What is your highest level of education?,demographics,0.00579,0.0037
arabbarometer,Q104,Thought about emigrating,Have you ever thought about emigrating from your country?,social_attitudes,Kuwait,145.0,0.8602,SKEWED WEAK_SIGNAL,8.0,QKUW28_5,Solution Bidoon: permanent residency for all,To what extent is 'grant them all permanent residency and close the file' an appropriate solution to the problem of the Bidoon in Kuwait?,social_attitudes,0.00579,0.0037
arabbarometer,Q104,Thought about emigrating,Have you ever thought about emigrating from your country?,social_attitudes,Kuwait,145.0,0.8602,SKEWED WEAK_SIGNAL,9.0,Q627_1,Harassment of women at work,"In your opinion, how widespread is harassment of women in the workplace in your country?",social_attitudes,0.00496,0.00346
arabbarometer,Q104,Thought about emigrating,Have you ever thought about emigrating from your country?,social_attitudes,Kuwait,145.0,0.8602,SKEWED WEAK_SIGNAL,10.0,Q501D,Volunteering frequency,"In a typical month, do you volunteer your time to do unpaid work for or support a cause you care about?",political_participation,0.00496,0.00346
arabbarometer,Q104,Thought about emigrating,Have you ever thought about emigrating from your country?,social_attitudes,Mauritania,159.0,0.7775,,1.0,Q1002,Respondent gender,What is your gender?,demographics,0.04473,0.01387
arabbarometer,Q104,Thought about emigrating,Have you ever thought about emigrating from your country?,social_attitudes,Mauritania,159.0,0.7775,,2.0,Q1001,Respondent age,How old are you?,demographics,0.02869,0.0192
arabbarometer,Q104,Thought about emigrating,Have you ever thought about emigrating from your country?,social_attitudes,Mauritania,159.0,0.7775,,3.0,Q409,Internet use frequency,"On average, how often do you use the Internet? This includes Internet used on smartphones and tablets.",contemporary_issues,0.01941,0.00231
arabbarometer,Q104,Thought about emigrating,Have you ever thought about emigrating from your country?,social_attitudes,Mauritania,159.0,0.7775,,4.0,Q627_3,Harassment of women at home,"In your opinion, how widespread is harassment of women in the home by family members in your country?",social_attitudes,0.01688,0.00298
arabbarometer,Q104,Thought about emigrating,Have you ever thought about emigrating from your country?,social_attitudes,Mauritania,159.0,0.7775,,5.0,Q1015,Monthly household income,What is your monthly household income in local currency?,demographics,0.01266,0.00597
arabbarometer,Q104,Thought about emigrating,Have you ever thought about emigrating from your country?,social_attitudes,Mauritania,159.0,0.7775,,6.0,Q118_2,Top economic priority second,What is the second most important issue the government should focus on to improve economic conditions in your country?,political_attitudes,0.01181,0.00353
arabbarometer,Q104,Thought about emigrating,Have you ever thought about emigrating from your country?,social_attitudes,Mauritania,159.0,0.7775,,7.0,Q201A_2,Trust in courts,How much trust do you have in the courts and legal system?,institutional_trust,0.01097,0.0064
arabbarometer,Q104,Thought about emigrating,Have you ever thought about emigrating from your country?,social_attitudes,Mauritania,159.0,0.7775,,8.0,QGAZA2,Gaza events term,"In your opinion, which of the following terms best describes the latest events in Gaza?",political_attitudes,0.01097,0.00481
arabbarometer,Q104,Thought about emigrating,Have you ever thought about emigrating from your country?,social_attitudes,Mauritania,159.0,0.7775,,9.0,Q118_1,Top economic priority first,What is the most important issue the government should focus on to improve economic conditions in your country?,political_attitudes,0.01013,0.00231
arabbarometer,Q104,Thought about emigrating,Have you ever thought about emigrating from your country?,social_attitudes,Mauritania,159.0,0.7775,,10.0,Q1,Governorate,In which governorate do you live?,demographics,0.01013,0.00481
arabbarometer,Q534_2,Security of mobile calls,"When you have private information to share with a trusted person, how secure do you feel using a mobile phone to talk?",contemporary_issues,Iraq,170.0,0.3466,,1.0,Q1002,Respondent gender,What is your gender?,demographics,0.01037,0.00359
arabbarometer,Q534_2,Security of mobile calls,"When you have private information to share with a trusted person, how secure do you feel using a mobile phone to talk?",contemporary_issues,Iraq,170.0,0.3466,,2.0,Q601_5,Equal work opportunities,How much do you agree or disagree with the statement: 'Men and women should have equal work opportunities'?,social_attitudes,0.00954,0.00812
arabbarometer,Q534_2,Security of mobile calls,"When you have private information to share with a trusted person, how secure do you feel using a mobile phone to talk?",contemporary_issues,Iraq,170.0,0.3466,,3.0,Q886,Travel discrimination basis outside MENA,"When citizens from your country travel outside the Middle East and North Africa, on what basis, if any, do you think they are likely to face discrimination?",social_attitudes,0.00871,0.0045
arabbarometer,Q534_2,Security of mobile calls,"When you have private information to share with a trusted person, how secure do you feel using a mobile phone to talk?",contemporary_issues,Iraq,170.0,0.3466,,4.0,Q533_4,Need leader who bends rules,To what extent do you agree or disagree with this statement: This country needs a leader who can bend the rules if necessary to get things done?,political_attitudes,0.00747,0.00315
arabbarometer,Q534_2,Security of mobile calls,"When you have private information to share with a trusted person, how secure do you feel using a mobile phone to talk?",contemporary_issues,Iraq,170.0,0.3466,,5.0,Q1,Governorate,In which governorate do you live?,demographics,0.00705,0.00728
arabbarometer,Q534_2,Security of mobile calls,"When you have private information to share with a trusted person, how secure do you feel using a mobile phone to talk?",contemporary_issues,Iraq,170.0,0.3466,,6.0,Q540B_3,Impact of water scarcity,To what extent does water scarcity impact your everyday life?,contemporary_issues,0.00664,0.00399
arabbarometer,Q534_2,Security of mobile calls,"When you have private information to share with a trusted person, how secure do you feel using a mobile phone to talk?",contemporary_issues,Iraq,170.0,0.3466,,7.0,Q601_4,Male university education priority,How much do you agree or disagree with the statement: 'University education for males is more important than university education for females'?,social_attitudes,0.00581,0.00174
arabbarometer,Q534_2,Security of mobile calls,"When you have private information to share with a trusted person, how secure do you feel using a mobile phone to talk?",contemporary_issues,Iraq,170.0,0.3466,,8.0,Q610_1,Frequency of daily prayer,"Do you pray daily always, most of the time, sometimes, rarely, or never?",values_identity,0.00539,0.00347
arabbarometer,Q534_2,Security of mobile calls,"When you have private information to share with a trusted person, how secure do you feel using a mobile phone to talk?",contemporary_issues,Iraq,170.0,0.3466,,9.0,Q508,Perceived democracy in USA,"In your opinion, to what extent is the United States of America a democratic country?",political_attitudes,0.00539,0.00478
arabbarometer,Q534_2,Security of mobile calls,"When you have private information to share with a trusted person, how secure do you feel using a mobile phone to talk?",contemporary_issues,Iraq,170.0,0.3466,,10.0,Q277_1,Robberies in neighborhood,"In your neighborhood, how often do robberies happen?",wellbeing,0.00498,0.00377
arabbarometer,Q534_2,Security of mobile calls,"When you have private information to share with a trusted person, how secure do you feel using a mobile phone to talk?",contemporary_issues,Kuwait,141.0,0.3063,,1.0,Q424,Daily hours on social media,"On a typical day, how many hours do you spend on social media platforms?",contemporary_issues,0.01411,0.00754
arabbarometer,Q534_2,Security of mobile calls,"When you have private information to share with a trusted person, how secure do you feel using a mobile phone to talk?",contemporary_issues,Kuwait,141.0,0.3063,,2.0,Q511,Perceived democracy in own country,"In your opinion, to what extent is your country a democratic country?",political_attitudes,0.01162,0.01536
arabbarometer,Q534_2,Security of mobile calls,"When you have private information to share with a trusted person, how secure do you feel using a mobile phone to talk?",contemporary_issues,Kuwait,141.0,0.3063,,3.0,QKUW41,Evaluation of Kuwait's external aid volume,How would you evaluate the volume of external aid provided by Kuwait?,political_attitudes,0.01162,0.00541
arabbarometer,Q534_2,Security of mobile calls,"When you have private information to share with a trusted person, how secure do you feel using a mobile phone to talk?",contemporary_issues,Kuwait,141.0,0.3063,,4.0,QKUW36,Main mobile provider,Who is the mobile phone provider of your main mobile line?,demographics,0.01079,0.00371
arabbarometer,Q534_2,Security of mobile calls,"When you have private information to share with a trusted person, how secure do you feel using a mobile phone to talk?",contemporary_issues,Kuwait,141.0,0.3063,,5.0,Q1005,Employment status,"Are you currently employed, self-employed, retired, a housewife, a student, unemployed and/or looking for work, or something else?",demographics,0.00996,0.00473
arabbarometer,Q534_2,Security of mobile calls,"When you have private information to share with a trusted person, how secure do you feel using a mobile phone to talk?",contemporary_issues,Kuwait,141.0,0.3063,,6.0,Q626,Biggest childcare problem,"Thinking of childcare options in your country, which of the following is the biggest problem?",social_attitudes,0.00913,0.00541
arabbarometer,Q534_2,Security of mobile calls,"When you have private information to share with a trusted person, how secure do you feel using a mobile phone to talk?",contemporary_issues,Kuwait,141.0,0.3063,,7.0,Q204_2,Government performance creating jobs,How would you evaluate the current government's performance in creating employment opportunities?,institutional_trust,0.00913,0.00347
arabbarometer,Q534_2,Security of mobile calls,"When you have private information to share with a trusted person, how secure do you feel using a mobile phone to talk?",contemporary_issues,Kuwait,141.0,0.3063,,8.0,Q431_2,Concern about platform censorship,"Thinking of your use of social media, to what extent are you concerned about social media platforms themselves censoring your online activity?",contemporary_issues,0.00913,0.0085
arabbarometer,Q534_2,Security of mobile calls,"When you have private information to share with a trusted person, how secure do you feel using a mobile phone to talk?",contemporary_issues,Kuwait,141.0,0.3063,,9.0,Q1014D,Number of adults in household,"Of the people who live in this household, how many are age 18 and over?",demographics,0.00747,0.00798
arabbarometer,Q534_2,Security of mobile calls,"When you have private information to share with a trusted person, how secure do you feel using a mobile phone to talk?",contemporary_issues,Kuwait,141.0,0.3063,,10.0,Q509,Perceived democracy in China,"In your opinion, to what extent is China a democratic country?",political_attitudes,0.00747,0.00541
arabbarometer,Q534_2,Security of mobile calls,"When you have private information to share with a trusted person, how secure do you feel using a mobile phone to talk?",contemporary_issues,Mauritania,155.0,0.3867,,1.0,Q13,Urban or rural residence,"Is the area where you live urban, rural, or a camp?",demographics,0.01506,0.00635
arabbarometer,Q534_2,Security of mobile calls,"When you have private information to share with a trusted person, how secure do you feel using a mobile phone to talk?",contemporary_issues,Mauritania,155.0,0.3867,,2.0,Q512,Suitability of democracy for country,"On a scale from 0 to 10, where 0 means democracy is absolutely inappropriate and 10 means completely appropriate, to what extent is democracy appropriate for your country?",political_attitudes,0.01255,0.00512
arabbarometer,Q534_2,Security of mobile calls,"When you have private information to share with a trusted person, how secure do you feel using a mobile phone to talk?",contemporary_issues,Mauritania,155.0,0.3867,,3.0,Q540_1,Biggest environmental challenge (first),What is the biggest environmental challenge facing your country?,political_attitudes,0.01172,0.0035
arabbarometer,Q534_2,Security of mobile calls,"When you have private information to share with a trusted person, how secure do you feel using a mobile phone to talk?",contemporary_issues,Mauritania,155.0,0.3867,,4.0,Q725_2,Evaluation of Putin's regional policy,"Do you think the foreign policies of Russian President Vladimir Putin have been very good, good, neither good nor bad, bad, or very bad for the Arab region?",political_attitudes,0.00837,0.00512
arabbarometer,Q534_2,Security of mobile calls,"When you have private information to share with a trusted person, how secure do you feel using a mobile phone to talk?",contemporary_issues,Mauritania,155.0,0.3867,,5.0,Q631,Women leaders advance women's rights,To what extent do you believe that having women in political leadership roles advances the women's rights agenda in your country?,social_attitudes,0.00753,0.0035
arabbarometer,Q534_2,Security of mobile calls,"When you have private information to share with a trusted person, how secure do you feel using a mobile phone to talk?",contemporary_issues,Mauritania,155.0,0.3867,,6.0,Q508,Perceived democracy in USA,"In your opinion, to what extent is the United States of America a democratic country?",political_attitudes,0.00669,0.00374
arabbarometer,Q534_2,Security of mobile calls,"When you have private information to share with a trusted person, how secure do you feel using a mobile phone to talk?",contemporary_issues,Mauritania,155.0,0.3867,,7.0,Q727_1A,Country that would build highest quality,Which country do you think would build the highest quality infrastructure in your country?,political_attitudes,0.00669,0.00374
arabbarometer,Q534_2,Security of mobile calls,"When you have private information to share with a trusted person, how secure do you feel using a mobile phone to talk?",contemporary_issues,Mauritania,155.0,0.3867,,8.0,Q421,Primary source for breaking news,What is your primary source of information to follow breaking news as events unfold?,contemporary_issues,0.00669,0.00477
arabbarometer,Q534_2,Security of mobile calls,"When you have private information to share with a trusted person, how secure do you feel using a mobile phone to talk?",contemporary_issues,Mauritania,155.0,0.3867,,9.0,Q204A_8,Satisfaction with internet access,How satisfied are you with access to internet services in your country?,institutional_trust,0.00669,0.00477
arabbarometer,Q534_2,Security of mobile calls,"When you have private information to share with a trusted person, how secure do you feel using a mobile phone to talk?",contemporary_issues,Mauritania,155.0,0.3867,,10.0,Q731_5,Compare US/China policy: Israeli-Palestinian conflict,"For addressing the Israeli-Palestinian conflict, do you think Chinese policy is better, American policy is better, or are they equally good or equally bad?",political_attitudes,0.00669,0.00635
arabbarometer,Q630,Perceived public support for men leaders,"What percent of other citizens in your country do you think agrees that 'In general, men are better at political leadership than women'?",social_attitudes,Iraq,174.0,0.3007,,1.0,Q512,Suitability of democracy for country,"On a scale from 0 to 10, where 0 means democracy is absolutely inappropriate and 10 means completely appropriate, to what extent is democracy appropriate for your country?",political_attitudes,0.02042,0.00825
arabbarometer,Q630,Perceived public support for men leaders,"What percent of other citizens in your country do you think agrees that 'In general, men are better at political leadership than women'?",social_attitudes,Iraq,174.0,0.3007,,2.0,Q601_3,Men better political leaders,"How much do you agree or disagree with the statement: 'In general, men are better at political leadership than women'?",social_attitudes,0.01958,0.01855
arabbarometer,Q630,Perceived public support for men leaders,"What percent of other citizens in your country do you think agrees that 'In general, men are better at political leadership than women'?",social_attitudes,Iraq,174.0,0.3007,,3.0,Q727_4B,Country that would treat local workforce best,Which country do you think would treat the local workforce the best when building infrastructure in your country?,political_attitudes,0.01583,0.00186
arabbarometer,Q630,Perceived public support for men leaders,"What percent of other citizens in your country do you think agrees that 'In general, men are better at political leadership than women'?",social_attitudes,Iraq,174.0,0.3007,,4.0,Q509,Perceived democracy in China,"In your opinion, to what extent is China a democratic country?",political_attitudes,0.01208,0.00401
arabbarometer,Q630,Perceived public support for men leaders,"What percent of other citizens in your country do you think agrees that 'In general, men are better at political leadership than women'?",social_attitudes,Iraq,174.0,0.3007,,5.0,Q1014B,Number of working youth in household,How many youth under the age of 18 living in your household work?,demographics,0.01208,0.00342
arabbarometer,Q630,Perceived public support for men leaders,"What percent of other citizens in your country do you think agrees that 'In general, men are better at political leadership than women'?",social_attitudes,Iraq,174.0,0.3007,,6.0,Q701H_2,Main motivation of China aid,Which of the following do you think is the main motivation of China for giving foreign aid to your country?,political_attitudes,0.01208,0.00825
arabbarometer,Q630,Perceived public support for men leaders,"What percent of other citizens in your country do you think agrees that 'In general, men are better at political leadership than women'?",social_attitudes,Iraq,174.0,0.3007,,7.0,Q533_4,Need leader who bends rules,To what extent do you agree or disagree with this statement: This country needs a leader who can bend the rules if necessary to get things done?,political_attitudes,0.01167,0.00669
arabbarometer,Q630,Perceived public support for men leaders,"What percent of other citizens in your country do you think agrees that 'In general, men are better at political leadership than women'?",social_attitudes,Iraq,174.0,0.3007,,8.0,Q554,Concern about natural disasters,How concerned or unconcerned are you about natural disasters in your country?,contemporary_issues,0.01125,0.00432
arabbarometer,Q630,Perceived public support for men leaders,"What percent of other citizens in your country do you think agrees that 'In general, men are better at political leadership than women'?",social_attitudes,Iraq,174.0,0.3007,,9.0,Q1010,Marital status,What is your current social status?,demographics,0.01125,0.006
arabbarometer,Q630,Perceived public support for men leaders,"What percent of other citizens in your country do you think agrees that 'In general, men are better at political leadership than women'?",social_attitudes,Iraq,174.0,0.3007,,10.0,Q1002,Respondent gender,What is your gender?,demographics,0.01125,0.00543
arabbarometer,Q630,Perceived public support for men leaders,"What percent of other citizens in your country do you think agrees that 'In general, men are better at political leadership than women'?",social_attitudes,Kuwait,145.0,0.3793,WEAK_SIGNAL,1.0,Q631,Women leaders advance women's rights,To what extent do you believe that having women in political leadership roles advances the women's rights agenda in your country?,social_attitudes,0.00913,0.00742
arabbarometer,Q630,Perceived public support for men leaders,"What percent of other citizens in your country do you think agrees that 'In general, men are better at political leadership than women'?",social_attitudes,Kuwait,145.0,0.3793,WEAK_SIGNAL,2.0,Q204A_4,Satisfaction with streets quality,How satisfied are you with the quality of the streets in your country?,institutional_trust,0.00498,0.00186
arabbarometer,Q630,Perceived public support for men leaders,"What percent of other citizens in your country do you think agrees that 'In general, men are better at political leadership than women'?",social_attitudes,Kuwait,145.0,0.3793,WEAK_SIGNAL,3.0,Q601_3,Men better political leaders,"How much do you agree or disagree with the statement: 'In general, men are better at political leadership than women'?",social_attitudes,0.00415,0.00928
arabbarometer,Q630,Perceived public support for men leaders,"What percent of other citizens in your country do you think agrees that 'In general, men are better at political leadership than women'?",social_attitudes,Kuwait,145.0,0.3793,WEAK_SIGNAL,4.0,Q738,Preferred solution to conflict,Which of the following solutions do you prefer to end the Palestinian-Israeli conflict?,political_attitudes,0.00415,0.0088
arabbarometer,Q630,Perceived public support for men leaders,"What percent of other citizens in your country do you think agrees that 'In general, men are better at political leadership than women'?",social_attitudes,Kuwait,145.0,0.3793,WEAK_SIGNAL,5.0,Q1001E_1,Parents live in household,Do your parents live in the same house as you?,demographics,0.00415,0.00656
arabbarometer,Q630,Perceived public support for men leaders,"What percent of other citizens in your country do you think agrees that 'In general, men are better at political leadership than women'?",social_attitudes,Kuwait,145.0,0.3793,WEAK_SIGNAL,6.0,Q421,Primary source for breaking news,What is your primary source of information to follow breaking news as events unfold?,contemporary_issues,0.00249,0.00754
arabbarometer,Q630,Perceived public support for men leaders,"What percent of other citizens in your country do you think agrees that 'In general, men are better at political leadership than women'?",social_attitudes,Kuwait,145.0,0.3793,WEAK_SIGNAL,7.0,Q112_2,Food did not last,"In the past 30 days, how often was this true for you or your household: “The food that we bought did not last and we did not have money to get more”?",wellbeing,0.00249,0.00473
arabbarometer,Q630,Perceived public support for men leaders,"What percent of other citizens in your country do you think agrees that 'In general, men are better at political leadership than women'?",social_attitudes,Kuwait,145.0,0.3793,WEAK_SIGNAL,8.0,Q210,Perceived national corruption,To what extent do you think there is corruption within national state agencies and institutions in your country?,institutional_trust,0.00166,0.00227
arabbarometer,Q630,Perceived public support for men leaders,"What percent of other citizens in your country do you think agrees that 'In general, men are better at political leadership than women'?",social_attitudes,Kuwait,145.0,0.3793,WEAK_SIGNAL,9.0,Q501D,Volunteering frequency,"In a typical month, do you volunteer your time to do unpaid work for or support a cause you care about?",political_participation,0.00166,0.00227
arabbarometer,Q630,Perceived public support for men leaders,"What percent of other citizens in your country do you think agrees that 'In general, men are better at political leadership than women'?",social_attitudes,Kuwait,145.0,0.3793,WEAK_SIGNAL,10.0,QKUW30,Responsibility for political instability,"In your opinion, who is responsible for the recent political instability in Kuwait, including frequent government changes and elections?",political_attitudes,0.00166,0.00629
arabbarometer,Q630,Perceived public support for men leaders,"What percent of other citizens in your country do you think agrees that 'In general, men are better at political leadership than women'?",social_attitudes,Mauritania,159.0,0.3266,,1.0,Q869F,Job competition with migrants,What do you think are the chances that you or anyone in your family will not get a job while an equally or less qualified migrant receives one instead?,social_attitudes,0.02092,0.00296
arabbarometer,Q630,Perceived public support for men leaders,"What percent of other citizens in your country do you think agrees that 'In general, men are better at political leadership than women'?",social_attitudes,Mauritania,159.0,0.3266,,2.0,Q540_1,Biggest environmental challenge (first),What is the biggest environmental challenge facing your country?,political_attitudes,0.02092,0.00512
arabbarometer,Q630,Perceived public support for men leaders,"What percent of other citizens in your country do you think agrees that 'In general, men are better at political leadership than women'?",social_attitudes,Mauritania,159.0,0.3266,,3.0,Q521_6,Freedom of religion guaranteed,To what extent is freedom of religion guaranteed in your country?,political_attitudes,0.0159,0.01123
arabbarometer,Q630,Perceived public support for men leaders,"What percent of other citizens in your country do you think agrees that 'In general, men are better at political leadership than women'?",social_attitudes,Mauritania,159.0,0.3266,,4.0,Q303A,Evaluation of last parliamentary election,"In general, how would you evaluate the last parliamentary elections?",political_participation,0.0159,0.00621
arabbarometer,Q630,Perceived public support for men leaders,"What percent of other citizens in your country do you think agrees that 'In general, men are better at political leadership than women'?",social_attitudes,Mauritania,159.0,0.3266,,5.0,Q274A,Frequency of electricity outages,"In the past 12 months, how often have you experienced electricity outages?",wellbeing,0.01506,0.00477
arabbarometer,Q630,Perceived public support for men leaders,"What percent of other citizens in your country do you think agrees that 'In general, men are better at political leadership than women'?",social_attitudes,Mauritania,159.0,0.3266,,6.0,Q1015,Monthly household income,What is your monthly household income in local currency?,demographics,0.01423,0.00635
arabbarometer,Q630,Perceived public support for men leaders,"What percent of other citizens in your country do you think agrees that 'In general, men are better at political leadership than women'?",social_attitudes,Mauritania,159.0,0.3266,,7.0,Q627_1,Harassment of women at work,"In your opinion, how widespread is harassment of women in the workplace in your country?",social_attitudes,0.01423,0.00561
arabbarometer,Q630,Perceived public support for men leaders,"What percent of other citizens in your country do you think agrees that 'In general, men are better at political leadership than women'?",social_attitudes,Mauritania,159.0,0.3266,,8.0,Q211_2,Government effort against corruption,To what extent is the national government working to crack down on corruption in your country?,institutional_trust,0.01339,0.01658
arabbarometer,Q630,Perceived public support for men leaders,"What percent of other citizens in your country do you think agrees that 'In general, men are better at political leadership than women'?",social_attitudes,Mauritania,159.0,0.3266,,9.0,Q627_2,Harassment of women on street,"In your opinion, how widespread is harassment of women on the street by strangers in your country?",social_attitudes,0.01255,0.00837
arabbarometer,Q630,Perceived public support for men leaders,"What percent of other citizens in your country do you think agrees that 'In general, men are better at political leadership than women'?",social_attitudes,Mauritania,159.0,0.3266,,10.0,Q625,Trend in violence against women,"In the past 12 months, has abuse of or violence against women in the community increased, stayed the same, decreased, or was it never a problem?",social_attitudes,0.01172,0.00458
arabbarometer,Q501E_2,Type of volunteer cause,Which category best describes the cause you volunteer for?,political_participation,Iraq,174.0,0.4573,WEAK_SIGNAL,1.0,Q1,Governorate,In which governorate do you live?,demographics,0.0,0.0
arabbarometer,Q501E_2,Type of volunteer cause,Which category best describes the cause you volunteer for?,political_participation,Iraq,174.0,0.4573,WEAK_SIGNAL,2.0,Q13,Urban or rural residence,"Is the area where you live urban, rural, or a camp?",demographics,0.0,0.0
arabbarometer,Q501E_2,Type of volunteer cause,Which category best describes the cause you volunteer for?,political_participation,Iraq,174.0,0.4573,WEAK_SIGNAL,3.0,Q1001,Respondent age,How old are you?,demographics,0.0,0.0
arabbarometer,Q501E_2,Type of volunteer cause,Which category best describes the cause you volunteer for?,political_participation,Iraq,174.0,0.4573,WEAK_SIGNAL,4.0,Q1002,Respondent gender,What is your gender?,demographics,0.0,0.0
arabbarometer,Q501E_2,Type of volunteer cause,Which category best describes the cause you volunteer for?,political_participation,Iraq,174.0,0.4573,WEAK_SIGNAL,5.0,Q1014C,Household size,"Including yourself, how many family members live in this household on a permanent basis?",demographics,0.0,0.0
arabbarometer,Q501E_2,Type of volunteer cause,Which category best describes the cause you volunteer for?,political_participation,Iraq,174.0,0.4573,WEAK_SIGNAL,6.0,Q1014D,Number of adults in household,"Of the people who live in this household, how many are age 18 and over?",demographics,0.0,0.0
arabbarometer,Q501E_2,Type of volunteer cause,Which category best describes the cause you volunteer for?,political_participation,Iraq,174.0,0.4573,WEAK_SIGNAL,7.0,Q1014E,Number of children in household,"Of the people who live in this household, how many are under age 18?",demographics,0.0,0.0
arabbarometer,Q501E_2,Type of volunteer cause,Which category best describes the cause you volunteer for?,political_participation,Iraq,174.0,0.4573,WEAK_SIGNAL,8.0,Q2061A,Most important national challenge,What is the most important challenge facing your country today?,political_attitudes,0.0,0.0
arabbarometer,Q501E_2,Type of volunteer cause,Which category best describes the cause you volunteer for?,political_participation,Iraq,174.0,0.4573,WEAK_SIGNAL,9.0,Q262,Most serious economic issue,Which of the following economic issues is the most serious one facing your country?,political_attitudes,0.0,0.0
arabbarometer,Q501E_2,Type of volunteer cause,Which category best describes the cause you volunteer for?,political_participation,Iraq,174.0,0.4573,WEAK_SIGNAL,10.0,Q101,Evaluation of current economy,How would you evaluate the current economic situation in your country?,political_attitudes,0.0,0.0
arabbarometer,Q501E_2,Type of volunteer cause,Which category best describes the cause you volunteer for?,political_participation,Kuwait,145.0,0.5685,,1.0,Q1014D,Number of adults in household,"Of the people who live in this household, how many are age 18 and over?",demographics,0.01579,0.01101
arabbarometer,Q501E_2,Type of volunteer cause,Which category best describes the cause you volunteer for?,political_participation,Kuwait,145.0,0.5685,,2.0,Q421,Primary source for breaking news,What is your primary source of information to follow breaking news as events unfold?,contemporary_issues,0.01053,0.00588
arabbarometer,Q501E_2,Type of volunteer cause,Which category best describes the cause you volunteer for?,political_participation,Kuwait,145.0,0.5685,,3.0,Q1015,Monthly household income,What is your monthly household income in local currency?,demographics,0.00789,0.00721
arabbarometer,Q501E_2,Type of volunteer cause,Which category best describes the cause you volunteer for?,political_participation,Kuwait,145.0,0.5685,,4.0,Q867A,Life quality vs parents,"Do you think your life quality is better than, the same as, or worse than your parents' life quality?",wellbeing,0.00789,0.00721
arabbarometer,Q501E_2,Type of volunteer cause,Which category best describes the cause you volunteer for?,political_participation,Kuwait,145.0,0.5685,,5.0,QKUW33_3,Support pardons as turning page,To what extent do you support or oppose the statement: 'Pardoning convicts is turning the page in the new era'?,political_attitudes,0.00789,0.00721
arabbarometer,Q501E_2,Type of volunteer cause,Which category best describes the cause you volunteer for?,political_participation,Kuwait,145.0,0.5685,,6.0,Q627_1,Harassment of women at work,"In your opinion, how widespread is harassment of women in the workplace in your country?",social_attitudes,0.00526,0.01177
arabbarometer,Q501E_2,Type of volunteer cause,Which category best describes the cause you volunteer for?,political_participation,Kuwait,145.0,0.5685,,7.0,Q508B,Perceived democracy in Germany,"In your opinion, to what extent is Germany a democratic country?",political_attitudes,0.00526,0.00721
arabbarometer,Q501E_2,Type of volunteer cause,Which category best describes the cause you volunteer for?,political_participation,Kuwait,145.0,0.5685,,8.0,Q725_2,Evaluation of Putin's regional policy,"Do you think the foreign policies of Russian President Vladimir Putin have been very good, good, neither good nor bad, bad, or very bad for the Arab region?",political_attitudes,0.00526,0.00721
arabbarometer,Q501E_2,Type of volunteer cause,Which category best describes the cause you volunteer for?,political_participation,Kuwait,145.0,0.5685,,9.0,Q204_20,Government performance keeping prices down,How would you evaluate the current government's performance in keeping prices down?,institutional_trust,0.00526,0.00721
arabbarometer,Q501E_2,Type of volunteer cause,Which category best describes the cause you volunteer for?,political_participation,Kuwait,145.0,0.5685,,10.0,Q725_1,Evaluation of Biden's regional policy,"Do you think the foreign policies of United States President Joseph Biden have been very good, good, neither good nor bad, bad, or very bad for the Arab region?",political_attitudes,0.00263,0.01101
arabbarometer,Q501E_2,Type of volunteer cause,Which category best describes the cause you volunteer for?,political_participation,Mauritania,159.0,0.5556,,1.0,Q1002,Respondent gender,What is your gender?,demographics,0.025,0.02282
arabbarometer,Q501E_2,Type of volunteer cause,Which category best describes the cause you volunteer for?,political_participation,Mauritania,159.0,0.5556,,2.0,Q129A_1,Use cheaper foods frequency,"In the past 7 days, how often did your household rely on less preferred and less expensive foods?",wellbeing,0.025,0.02282
arabbarometer,Q501E_2,Type of volunteer cause,Which category best describes the cause you volunteer for?,political_participation,Mauritania,159.0,0.5556,,3.0,Q404,Interest in politics,"In general, to what extent are you interested in politics?",political_participation,0.025,0.02282
arabbarometer,Q501E_2,Type of volunteer cause,Which category best describes the cause you volunteer for?,political_participation,Mauritania,159.0,0.5556,,4.0,Q540B_1,Impact of extreme temperatures,To what extent do extreme weather temperatures impact your everyday life?,contemporary_issues,0.025,0.02282
arabbarometer,Q501E_2,Type of volunteer cause,Which category best describes the cause you volunteer for?,political_participation,Mauritania,159.0,0.5556,,5.0,Q512,Suitability of democracy for country,"On a scale from 0 to 10, where 0 means democracy is absolutely inappropriate and 10 means completely appropriate, to what extent is democracy appropriate for your country?",political_attitudes,0.01667,0.02282
arabbarometer,Q501E_2,Type of volunteer cause,Which category best describes the cause you volunteer for?,political_participation,Mauritania,159.0,0.5556,,6.0,Q867A,Life quality vs parents,"Do you think your life quality is better than, the same as, or worse than your parents' life quality?",wellbeing,0.01667,0.02282
arabbarometer,Q501E_2,Type of volunteer cause,Which category best describes the cause you volunteer for?,political_participation,Mauritania,159.0,0.5556,,7.0,Q201A_3,Trust in parliament,How much trust do you have in the elected council of representatives (parliament)?,institutional_trust,0.01667,0.02282
arabbarometer,Q501E_2,Type of volunteer cause,Which category best describes the cause you volunteer for?,political_participation,Mauritania,159.0,0.5556,,8.0,Q540_1,Biggest environmental challenge (first),What is the biggest environmental challenge facing your country?,political_attitudes,0.01667,0.02282
arabbarometer,Q501E_2,Type of volunteer cause,Which category best describes the cause you volunteer for?,political_participation,Mauritania,159.0,0.5556,,9.0,Q1015,Monthly household income,What is your monthly household income in local currency?,demographics,0.00833,0.01863
arabbarometer,Q501E_2,Type of volunteer cause,Which category best describes the cause you volunteer for?,political_participation,Mauritania,159.0,0.5556,,10.0,Q204A_1,Satisfaction with education system,How satisfied are you with the educational system in your country?,institutional_trust,0.00833,0.01863
asianbarometer,level,rural or urban,Do you live in a rural or urban area?,demographics,Australia,33.0,0.691,,1.0,region,administrative region,What is your administrative region?,demographics,0.03607,0.00673
asianbarometer,level,rural or urban,Do you live in a rural or urban area?,demographics,Australia,33.0,0.691,,2.0,SE11a,racial or ethnic background,What is your racial or ethnic background?,demographics,0.03525,0.018
asianbarometer,level,rural or urban,Do you live in a rural or urban area?,demographics,Australia,33.0,0.691,,3.0,SE7,religious service frequency,About how often do you practice religious services or rituals these days?,values_identity,0.02459,0.0071
asianbarometer,level,rural or urban,Do you live in a rural or urban area?,demographics,Australia,33.0,0.691,,4.0,SE5,education level,What is your highest level of education?,demographics,0.02295,0.01145
asianbarometer,level,rural or urban,Do you live in a rural or urban area?,demographics,Australia,33.0,0.691,,5.0,SE14a,income adequacy,Does the total income of your household allow you to satisfactorily cover your needs?,wellbeing,0.01885,0.01107
asianbarometer,level,rural or urban,Do you live in a rural or urban area?,demographics,Australia,33.0,0.691,,6.0,SE2,respondent's gender,What is your gender?,demographics,0.01475,0.00467
asianbarometer,level,rural or urban,Do you live in a rural or urban area?,demographics,Australia,33.0,0.691,,7.0,SE5a,years of formal education,How many years of formal education have you received?,demographics,0.00984,0.00467
asianbarometer,level,rural or urban,Do you live in a rural or urban area?,demographics,Australia,33.0,0.691,,8.0,SE9a,employment type,"Are you currently self-employed, working in a family business, or working for an outside employer?",demographics,0.00902,0.00673
asianbarometer,level,rural or urban,Do you live in a rural or urban area?,demographics,Australia,33.0,0.691,,9.0,SE9c,occupation type - respondent,Which type of job do you have now?,demographics,0.00902,0.00673
asianbarometer,level,rural or urban,Do you live in a rural or urban area?,demographics,Australia,33.0,0.691,,10.0,SE10c,occupation type - main earner,Which type of job does the main earner in your household have now?,demographics,0.0082,0.0082
asianbarometer,level,rural or urban,Do you live in a rural or urban area?,demographics,Indonesia,240.0,0.5065,,1.0,SE9c,occupation type - respondent,Which type of job do you have now?,demographics,0.02857,0.01286
asianbarometer,level,rural or urban,Do you live in a rural or urban area?,demographics,Indonesia,240.0,0.5065,,2.0,Q93,democracy level - ten years ago,"On a scale from 1 (completely undemocratic) to 10 (completely democratic), where would you place our country ten years ago?",political_attitudes,0.01623,0.00459
asianbarometer,level,rural or urban,Do you live in a rural or urban area?,demographics,Indonesia,240.0,0.5065,,3.0,Q41,ease of access to public transportation,How easy or difficult is it to access public transportation?,institutional_trust,0.01364,0.00901
asianbarometer,level,rural or urban,Do you live in a rural or urban area?,demographics,Indonesia,240.0,0.5065,,4.0,Q18,most important organization membership,What is the most important organization or formal group you belong to?,social_attitudes,0.01234,0.00958
asianbarometer,level,rural or urban,Do you live in a rural or urban area?,demographics,Indonesia,240.0,0.5065,,5.0,region,administrative region,What is your administrative region?,demographics,0.00974,0.00828
asianbarometer,level,rural or urban,Do you live in a rural or urban area?,demographics,Indonesia,240.0,0.5065,,6.0,SE11,home language,What language do you speak the most in the home?,demographics,0.00779,0.00492
asianbarometer,level,rural or urban,Do you live in a rural or urban area?,demographics,Indonesia,240.0,0.5065,,7.0,Q52a,social media to connect with people,How often do you use social media to connect with other people?,contemporary_issues,0.00714,0.00704
asianbarometer,level,rural or urban,Do you live in a rural or urban area?,demographics,Indonesia,240.0,0.5065,,8.0,SE9e,current status if not employed,What is your current status?,demographics,0.00714,0.00482
asianbarometer,level,rural or urban,Do you live in a rural or urban area?,demographics,Indonesia,240.0,0.5065,,9.0,Q185,aspect of influence considered,Which aspect of the major power's influence and impact did you have in mind when answering the above questions?,political_attitudes,0.00584,0.00625
asianbarometer,level,rural or urban,Do you live in a rural or urban area?,demographics,Indonesia,240.0,0.5065,,10.0,Q29,social status of contacts,Which of the following best describes your relations with most of your social contacts?,social_attitudes,0.00584,0.00145
asianbarometer,level,rural or urban,Do you live in a rural or urban area?,demographics,Mongolia,29.0,0.7587,CONCENTRATED,1.0,region,administrative region,What is your administrative region?,demographics,0.14409,0.01515
asianbarometer,level,rural or urban,Do you live in a rural or urban area?,demographics,Mongolia,29.0,0.7587,CONCENTRATED,2.0,SE8b,generations in household,How many generations of family members live in this household?,demographics,0.00866,0.00757
asianbarometer,level,rural or urban,Do you live in a rural or urban area?,demographics,Mongolia,29.0,0.7587,CONCENTRATED,3.0,SE12,subjective social status,"On a ladder with 10 steps where step 1 represents the lowest status and step 10 represents the highest status, where would you place your family?",wellbeing,0.00394,0.00557
asianbarometer,level,rural or urban,Do you live in a rural or urban area?,demographics,Mongolia,29.0,0.7587,CONCENTRATED,4.0,SE4,marital status,What is your marital status?,demographics,0.00157,0.00216
asianbarometer,level,rural or urban,Do you live in a rural or urban area?,demographics,Mongolia,29.0,0.7587,CONCENTRATED,5.0,SE5a,years of formal education,How many years of formal education have you received?,demographics,0.00079,0.01092
asianbarometer,level,rural or urban,Do you live in a rural or urban area?,demographics,Mongolia,29.0,0.7587,CONCENTRATED,6.0,SE14,household income quintile,What is your household income group?,demographics,0.00079,0.00647
asianbarometer,level,rural or urban,Do you live in a rural or urban area?,demographics,Mongolia,29.0,0.7587,CONCENTRATED,7.0,SE10,respondent is main earner,Are you the main earner in your household?,demographics,0.0,0.00482
asianbarometer,level,rural or urban,Do you live in a rural or urban area?,demographics,Mongolia,29.0,0.7587,CONCENTRATED,8.0,SE14a,income adequacy,Does the total income of your household allow you to satisfactorily cover your needs?,wellbeing,0.0,0.00278
asianbarometer,level,rural or urban,Do you live in a rural or urban area?,demographics,Mongolia,29.0,0.7587,CONCENTRATED,9.0,SE9d,seeking employment,Are you currently seeking employment?,demographics,-0.00157,0.00352
asianbarometer,level,rural or urban,Do you live in a rural or urban area?,demographics,Mongolia,29.0,0.7587,CONCENTRATED,10.0,SE9e,current status if not employed,What is your current status?,demographics,-0.00157,0.00216
asianbarometer,SE2,respondent's gender,What is your gender?,demographics,Australia,33.0,0.5045,,1.0,SE9c,occupation type - respondent,Which type of job do you have now?,demographics,0.04033,0.00537
asianbarometer,SE2,respondent's gender,What is your gender?,demographics,Australia,33.0,0.5045,,2.0,SE10_1,main earner employment status,Is the main earner in your household currently employed?,demographics,0.0321,0.01065
asianbarometer,SE2,respondent's gender,What is your gender?,demographics,Australia,33.0,0.5045,,3.0,SE10,respondent is main earner,Are you the main earner in your household?,demographics,0.02963,0.01408
asianbarometer,SE2,respondent's gender,What is your gender?,demographics,Australia,33.0,0.5045,,4.0,SE13c,children's future economic status,"On a staircase with 10 steps where the poorest people are on the first step and the richest on the tenth step, where do you think your children will be?",political_attitudes,0.02963,0.00982
asianbarometer,SE2,respondent's gender,What is your gender?,demographics,Australia,33.0,0.5045,,5.0,SE3,birth year and age,What is your year of birth?,demographics,0.02881,0.01164
asianbarometer,SE2,respondent's gender,What is your gender?,demographics,Australia,33.0,0.5045,,6.0,SE5,education level,What is your highest level of education?,demographics,0.02058,0.01908
asianbarometer,SE2,respondent's gender,What is your gender?,demographics,Australia,33.0,0.5045,,7.0,SE14a,income adequacy,Does the total income of your household allow you to satisfactorily cover your needs?,wellbeing,0.01975,0.01467
asianbarometer,SE2,respondent's gender,What is your gender?,demographics,Australia,33.0,0.5045,,8.0,SE5a,years of formal education,How many years of formal education have you received?,demographics,0.01811,0.01186
asianbarometer,SE2,respondent's gender,What is your gender?,demographics,Australia,33.0,0.5045,,9.0,SE3_1,actual age,What is your actual age?,demographics,0.01564,0.00982
asianbarometer,SE2,respondent's gender,What is your gender?,demographics,Australia,33.0,0.5045,,10.0,SE7,religious service frequency,About how often do you practice religious services or rituals these days?,values_identity,0.01481,0.01288
asianbarometer,SE2,respondent's gender,What is your gender?,demographics,Indonesia,240.0,0.5,,1.0,SE10,respondent is main earner,Are you the main earner in your household?,demographics,0.18961,0.02009
asianbarometer,SE2,respondent's gender,What is your gender?,demographics,Indonesia,240.0,0.5,,2.0,SE9e,current status if not employed,What is your current status?,demographics,0.04091,0.01184
asianbarometer,SE2,respondent's gender,What is your gender?,demographics,Indonesia,240.0,0.5,,3.0,SE4,marital status,What is your marital status?,demographics,0.04026,0.00747
asianbarometer,SE2,respondent's gender,What is your gender?,demographics,Indonesia,240.0,0.5,,4.0,SE9d,seeking employment,Are you currently seeking employment?,demographics,0.02857,0.0084
asianbarometer,SE2,respondent's gender,What is your gender?,demographics,Indonesia,240.0,0.5,,5.0,SE10_1,main earner employment status,Is the main earner in your household currently employed?,demographics,0.02792,0.00492
asianbarometer,SE2,respondent's gender,What is your gender?,demographics,Indonesia,240.0,0.5,,6.0,SE12,subjective social status,"On a ladder with 10 steps where step 1 represents the lowest status and step 10 represents the highest status, where would you place your family?",wellbeing,0.01364,0.00775
asianbarometer,SE2,respondent's gender,What is your gender?,demographics,Indonesia,240.0,0.5,,7.0,Q182,China influence on our country - positive or negative,"Generally speaking, is the influence China has on our country positive or negative?",political_attitudes,0.01104,0.00711
asianbarometer,SE2,respondent's gender,What is your gender?,demographics,Indonesia,240.0,0.5,,8.0,Q179,most influential country in Asia in 10 years,"In ten years, which country will have the most influence in Asia?",political_attitudes,0.00974,0.00761
asianbarometer,SE2,respondent's gender,What is your gender?,demographics,Indonesia,240.0,0.5,,9.0,SE15l,own fridge,Do you or your family own a fridge?,demographics,0.00779,0.00543
asianbarometer,SE2,respondent's gender,What is your gender?,demographics,Indonesia,240.0,0.5,,10.0,SE9c,occupation type - respondent,Which type of job do you have now?,demographics,0.00779,0.00877
asianbarometer,SE2,respondent's gender,What is your gender?,demographics,Mongolia,29.0,0.6207,,1.0,SE9c,occupation type - respondent,Which type of job do you have now?,demographics,0.02835,0.01226
asianbarometer,SE2,respondent's gender,What is your gender?,demographics,Mongolia,29.0,0.6207,,2.0,SE9,employment status,Are you currently employed?,demographics,0.02677,0.01403
asianbarometer,SE2,respondent's gender,What is your gender?,demographics,Mongolia,29.0,0.6207,,3.0,SE4,marital status,What is your marital status?,demographics,0.02441,0.01318
asianbarometer,SE2,respondent's gender,What is your gender?,demographics,Mongolia,29.0,0.6207,,4.0,SE10,respondent is main earner,Are you the main earner in your household?,demographics,0.02362,0.00482
asianbarometer,SE2,respondent's gender,What is your gender?,demographics,Mongolia,29.0,0.6207,,5.0,SE8b,generations in household,How many generations of family members live in this household?,demographics,0.02283,0.01226
asianbarometer,SE2,respondent's gender,What is your gender?,demographics,Mongolia,29.0,0.6207,,6.0,SE5a,years of formal education,How many years of formal education have you received?,demographics,0.01417,0.01381
asianbarometer,SE2,respondent's gender,What is your gender?,demographics,Mongolia,29.0,0.6207,,7.0,SE7,religious service frequency,About how often do you practice religious services or rituals these days?,values_identity,0.0126,0.01609
asianbarometer,SE2,respondent's gender,What is your gender?,demographics,Mongolia,29.0,0.6207,,8.0,SE9d,seeking employment,Are you currently seeking employment?,demographics,0.01102,0.01019
asianbarometer,SE2,respondent's gender,What is your gender?,demographics,Mongolia,29.0,0.6207,,9.0,SE10_1,main earner employment status,Is the main earner in your household currently employed?,demographics,0.00945,0.00216
asianbarometer,SE2,respondent's gender,What is your gender?,demographics,Mongolia,29.0,0.6207,,10.0,SE14a,income adequacy,Does the total income of your household allow you to satisfactorily cover your needs?,wellbeing,0.00945,0.01064
asianbarometer,SE14a,income adequacy,Does the total income of your household allow you to satisfactorily cover your needs?,wellbeing,Australia,33.0,0.4235,,1.0,SE8a,household size,How many people live in your household?,demographics,0.03967,0.00627
asianbarometer,SE14a,income adequacy,Does the total income of your household allow you to satisfactorily cover your needs?,wellbeing,Australia,33.0,0.4235,,2.0,SE7,religious service frequency,About how often do you practice religious services or rituals these days?,values_identity,0.03306,0.02024
asianbarometer,SE14a,income adequacy,Does the total income of your household allow you to satisfactorily cover your needs?,wellbeing,Australia,33.0,0.4235,,3.0,SE13a,current economic status,"On a staircase with 10 steps where the poorest people are on the first step and the richest on the tenth step, where would you put yourself?",political_attitudes,0.03058,0.01694
asianbarometer,SE14a,income adequacy,Does the total income of your household allow you to satisfactorily cover your needs?,wellbeing,Australia,33.0,0.4235,,4.0,SE12,subjective social status,"On a ladder with 10 steps where step 1 represents the lowest status and step 10 represents the highest status, where would you place your family?",wellbeing,0.02231,0.01507
asianbarometer,SE14a,income adequacy,Does the total income of your household allow you to satisfactorily cover your needs?,wellbeing,Australia,33.0,0.4235,,5.0,SE4,marital status,What is your marital status?,demographics,0.01488,0.01226
asianbarometer,SE14a,income adequacy,Does the total income of your household allow you to satisfactorily cover your needs?,wellbeing,Australia,33.0,0.4235,,6.0,SE9d,seeking employment,Are you currently seeking employment?,demographics,0.01405,0.0119
asianbarometer,SE14a,income adequacy,Does the total income of your household allow you to satisfactorily cover your needs?,wellbeing,Australia,33.0,0.4235,,7.0,SE11a,racial or ethnic background,What is your racial or ethnic background?,demographics,0.01322,0.03125
asianbarometer,SE14a,income adequacy,Does the total income of your household allow you to satisfactorily cover your needs?,wellbeing,Australia,33.0,0.4235,,8.0,SE9c,occupation type - respondent,Which type of job do you have now?,demographics,0.0124,0.00773
asianbarometer,SE14a,income adequacy,Does the total income of your household allow you to satisfactorily cover your needs?,wellbeing,Australia,33.0,0.4235,,9.0,SE3_1,actual age,What is your actual age?,demographics,0.0124,0.00773
asianbarometer,SE14a,income adequacy,Does the total income of your household allow you to satisfactorily cover your needs?,wellbeing,Australia,33.0,0.4235,,10.0,SE5,education level,What is your highest level of education?,demographics,0.01157,0.0107
asianbarometer,SE14a,income adequacy,Does the total income of your household allow you to satisfactorily cover your needs?,wellbeing,Indonesia,240.0,0.3735,,1.0,SE14,household income quintile,What is your household income group?,demographics,0.07451,0.01432
asianbarometer,SE14a,income adequacy,Does the total income of your household allow you to satisfactorily cover your needs?,wellbeing,Indonesia,240.0,0.3735,,2.0,Q162,coping with income loss,"If your family were unfortunate enough to lose its main source of income, how serious would it be for your family?",wellbeing,0.05033,0.01299
asianbarometer,SE14a,income adequacy,Does the total income of your household allow you to satisfactorily cover your needs?,wellbeing,Indonesia,240.0,0.3735,,3.0,Q50,frequency of internet use,"How often do you use the internet, either through computer, tablet or smartphone?",contemporary_issues,0.03333,0.01253
asianbarometer,SE14a,income adequacy,Does the total income of your household allow you to satisfactorily cover your needs?,wellbeing,Indonesia,240.0,0.3735,,4.0,Q4,family economic situation,How would you rate your family's current economic situation?,political_attitudes,0.02614,0.01244
asianbarometer,SE14a,income adequacy,Does the total income of your household allow you to satisfactorily cover your needs?,wellbeing,Indonesia,240.0,0.3735,,5.0,SE13b,parents' economic status,"On a staircase with 10 steps where the poorest people are on the first step and the richest on the tenth step, where would you put your parents?",political_attitudes,0.02418,0.01214
asianbarometer,SE14a,income adequacy,Does the total income of your household allow you to satisfactorily cover your needs?,wellbeing,Indonesia,240.0,0.3735,,6.0,Q163,family income fairness,"Considering all the effort that you and your family members have made in the past, do you think the income that your family currently receives is fair or not fair?",political_attitudes,0.02353,0.01069
asianbarometer,SE14a,income adequacy,Does the total income of your household allow you to satisfactorily cover your needs?,wellbeing,Indonesia,240.0,0.3735,,7.0,Q115,local corruption extent,How widespread do you think corruption and bribe-taking are in your local or municipal government?,institutional_trust,0.0183,0.00373
asianbarometer,SE14a,income adequacy,Does the total income of your household allow you to satisfactorily cover your needs?,wellbeing,Indonesia,240.0,0.3735,,8.0,SE2,respondent's gender,What is your gender?,demographics,0.01634,0.00654
asianbarometer,SE14a,income adequacy,Does the total income of your household allow you to satisfactorily cover your needs?,wellbeing,Indonesia,240.0,0.3735,,9.0,Q182,China influence on our country - positive or negative,"Generally speaking, is the influence China has on our country positive or negative?",political_attitudes,0.01569,0.0078
asianbarometer,SE14a,income adequacy,Does the total income of your household allow you to satisfactorily cover your needs?,wellbeing,Indonesia,240.0,0.3735,,10.0,level,rural or urban,Do you live in a rural or urban area?,demographics,0.01569,0.01522
asianbarometer,SE14a,income adequacy,Does the total income of your household allow you to satisfactorily cover your needs?,wellbeing,Mongolia,29.0,0.3728,,1.0,SE14,household income quintile,What is your household income group?,demographics,0.0811,0.01638
asianbarometer,SE14a,income adequacy,Does the total income of your household allow you to satisfactorily cover your needs?,wellbeing,Mongolia,29.0,0.3728,,2.0,SE12,subjective social status,"On a ladder with 10 steps where step 1 represents the lowest status and step 10 represents the highest status, where would you place your family?",wellbeing,0.04803,0.02109
asianbarometer,SE14a,income adequacy,Does the total income of your household allow you to satisfactorily cover your needs?,wellbeing,Mongolia,29.0,0.3728,,3.0,SE13b,parents' economic status,"On a staircase with 10 steps where the poorest people are on the first step and the richest on the tenth step, where would you put your parents?",political_attitudes,0.0252,0.01323
asianbarometer,SE14a,income adequacy,Does the total income of your household allow you to satisfactorily cover your needs?,wellbeing,Mongolia,29.0,0.3728,,4.0,SE8a,household size,How many people live in your household?,demographics,0.02126,0.01134
asianbarometer,SE14a,income adequacy,Does the total income of your household allow you to satisfactorily cover your needs?,wellbeing,Mongolia,29.0,0.3728,,5.0,SE2,respondent's gender,What is your gender?,demographics,0.01654,0.0094
asianbarometer,SE14a,income adequacy,Does the total income of your household allow you to satisfactorily cover your needs?,wellbeing,Mongolia,29.0,0.3728,,6.0,region,administrative region,What is your administrative region?,demographics,0.01654,0.01484
asianbarometer,SE14a,income adequacy,Does the total income of your household allow you to satisfactorily cover your needs?,wellbeing,Mongolia,29.0,0.3728,,7.0,SE4,marital status,What is your marital status?,demographics,0.01575,0.00557
asianbarometer,SE14a,income adequacy,Does the total income of your household allow you to satisfactorily cover your needs?,wellbeing,Mongolia,29.0,0.3728,,8.0,SE3_1,actual age,What is your actual age?,demographics,0.01417,0.01381
asianbarometer,SE14a,income adequacy,Does the total income of your household allow you to satisfactorily cover your needs?,wellbeing,Mongolia,29.0,0.3728,,9.0,level,rural or urban,Do you live in a rural or urban area?,demographics,0.0063,0.00597
asianbarometer,SE14a,income adequacy,Does the total income of your household allow you to satisfactorily cover your needs?,wellbeing,Mongolia,29.0,0.3728,,10.0,SE3,birth year and age,What is your year of birth?,demographics,0.00472,0.01092
asianbarometer,SE7a,religiosity self-assessment,"Would you describe yourself as very religious, moderately religious, lightly religious, or not religious at all?",values_identity,Australia,32.0,0.5226,CONCENTRATED,1.0,SE6,religion,What is your religion?,demographics,0.19588,0.02739
asianbarometer,SE7a,religiosity self-assessment,"Would you describe yourself as very religious, moderately religious, lightly religious, or not religious at all?",values_identity,Australia,32.0,0.5226,CONCENTRATED,2.0,SE10,respondent is main earner,Are you the main earner in your household?,demographics,0.01975,0.01065
asianbarometer,SE7a,religiosity self-assessment,"Would you describe yourself as very religious, moderately religious, lightly religious, or not religious at all?",values_identity,Australia,32.0,0.5226,CONCENTRATED,3.0,SE8b,generations in household,How many generations of family members live in this household?,demographics,0.01975,0.00537
asianbarometer,SE7a,religiosity self-assessment,"Would you describe yourself as very religious, moderately religious, lightly religious, or not religious at all?",values_identity,Australia,32.0,0.5226,CONCENTRATED,4.0,SE3_1,actual age,What is your actual age?,demographics,0.01893,0.00947
asianbarometer,SE7a,religiosity self-assessment,"Would you describe yourself as very religious, moderately religious, lightly religious, or not religious at all?",values_identity,Australia,32.0,0.5226,CONCENTRATED,5.0,SE11a,racial or ethnic background,What is your racial or ethnic background?,demographics,0.01481,0.01854
asianbarometer,SE7a,religiosity self-assessment,"Would you describe yourself as very religious, moderately religious, lightly religious, or not religious at all?",values_identity,Australia,32.0,0.5226,CONCENTRATED,6.0,SE4,marital status,What is your marital status?,demographics,0.01399,0.00225
asianbarometer,SE7a,religiosity self-assessment,"Would you describe yourself as very religious, moderately religious, lightly religious, or not religious at all?",values_identity,Australia,32.0,0.5226,CONCENTRATED,7.0,SE3,birth year and age,What is your year of birth?,demographics,0.00988,0.00748
asianbarometer,SE7a,religiosity self-assessment,"Would you describe yourself as very religious, moderately religious, lightly religious, or not religious at all?",values_identity,Australia,32.0,0.5226,CONCENTRATED,8.0,SE13c,children's future economic status,"On a staircase with 10 steps where the poorest people are on the first step and the richest on the tenth step, where do you think your children will be?",political_attitudes,0.00905,0.01065
asianbarometer,SE7a,religiosity self-assessment,"Would you describe yourself as very religious, moderately religious, lightly religious, or not religious at all?",values_identity,Australia,32.0,0.5226,CONCENTRATED,9.0,SE8a,household size,How many people live in your household?,demographics,0.00741,0.01065
asianbarometer,SE7a,religiosity self-assessment,"Would you describe yourself as very religious, moderately religious, lightly religious, or not religious at all?",values_identity,Australia,32.0,0.5226,CONCENTRATED,10.0,SE5,education level,What is your highest level of education?,demographics,0.00741,0.01682
asianbarometer,SE7a,religiosity self-assessment,"Would you describe yourself as very religious, moderately religious, lightly religious, or not religious at all?",values_identity,Indonesia,239.0,0.6591,,1.0,SE11a,racial or ethnic background,What is your racial or ethnic background?,demographics,0.03856,0.00745
asianbarometer,SE7a,religiosity self-assessment,"Would you describe yourself as very religious, moderately religious, lightly religious, or not religious at all?",values_identity,Indonesia,239.0,0.6591,,2.0,Q92,democracy level - present,"On a scale from 1 (completely undemocratic) to 10 (completely democratic), where would you place our country under the present government?",political_attitudes,0.02484,0.00637
asianbarometer,SE7a,religiosity self-assessment,"Would you describe yourself as very religious, moderately religious, lightly religious, or not religious at all?",values_identity,Indonesia,239.0,0.6591,,3.0,Q116,extent of national corruption,How widespread do you think corruption and bribe-taking are in the national government?,institutional_trust,0.01961,0.00517
asianbarometer,SE7a,religiosity self-assessment,"Would you describe yourself as very religious, moderately religious, lightly religious, or not religious at all?",values_identity,Indonesia,239.0,0.6591,,4.0,SE12,subjective social status,"On a ladder with 10 steps where step 1 represents the lowest status and step 10 represents the highest status, where would you place your family?",wellbeing,0.0183,0.00637
asianbarometer,SE7a,religiosity self-assessment,"Would you describe yourself as very religious, moderately religious, lightly religious, or not religious at all?",values_identity,Indonesia,239.0,0.6591,,5.0,SE5,education level,What is your highest level of education?,demographics,0.01765,0.00752
asianbarometer,SE7a,religiosity self-assessment,"Would you describe yourself as very religious, moderately religious, lightly religious, or not religious at all?",values_identity,Indonesia,239.0,0.6591,,6.0,SE15l,own fridge,Do you or your family own a fridge?,demographics,0.01765,0.00496
asianbarometer,SE7a,religiosity self-assessment,"Would you describe yourself as very religious, moderately religious, lightly religious, or not religious at all?",values_identity,Indonesia,239.0,0.6591,,7.0,Q50,frequency of internet use,"How often do you use the internet, either through computer, tablet or smartphone?",contemporary_issues,0.01438,0.00594
asianbarometer,SE7a,religiosity self-assessment,"Would you describe yourself as very religious, moderately religious, lightly religious, or not religious at all?",values_identity,Indonesia,239.0,0.6591,,8.0,level,rural or urban,Do you live in a rural or urban area?,demographics,0.01373,0.00537
asianbarometer,SE7a,religiosity self-assessment,"Would you describe yourself as very religious, moderately religious, lightly religious, or not religious at all?",values_identity,Indonesia,239.0,0.6591,,9.0,Q157a,limit imports vs more trade - strength of agreement,"Regarding your previous answer about trade policy, do you strongly agree or just agree?",political_attitudes,0.01373,0.00146
asianbarometer,SE7a,religiosity self-assessment,"Would you describe yourself as very religious, moderately religious, lightly religious, or not religious at all?",values_identity,Indonesia,239.0,0.6591,,10.0,SE15h,own electric fan or cooler,Do you or your family own an electric fan or cooler?,demographics,0.01373,0.00485
asianbarometer,SE7a,religiosity self-assessment,"Would you describe yourself as very religious, moderately religious, lightly religious, or not religious at all?",values_identity,Mongolia,28.0,0.43,,1.0,region,administrative region,What is your administrative region?,demographics,0.03794,0.00866
asianbarometer,SE7a,religiosity self-assessment,"Would you describe yourself as very religious, moderately religious, lightly religious, or not religious at all?",values_identity,Mongolia,28.0,0.43,,2.0,SE13b,parents' economic status,"On a staircase with 10 steps where the poorest people are on the first step and the richest on the tenth step, where would you put your parents?",political_attitudes,0.02055,0.00649
asianbarometer,SE7a,religiosity self-assessment,"Would you describe yourself as very religious, moderately religious, lightly religious, or not religious at all?",values_identity,Mongolia,28.0,0.43,,3.0,SE14a,income adequacy,Does the total income of your household allow you to satisfactorily cover your needs?,wellbeing,0.00949,0.00599
asianbarometer,SE7a,religiosity self-assessment,"Would you describe yourself as very religious, moderately religious, lightly religious, or not religious at all?",values_identity,Mongolia,28.0,0.43,,4.0,level,rural or urban,Do you live in a rural or urban area?,demographics,0.0087,0.00707
asianbarometer,SE7a,religiosity self-assessment,"Would you describe yourself as very religious, moderately religious, lightly religious, or not religious at all?",values_identity,Mongolia,28.0,0.43,,5.0,SE2,respondent's gender,What is your gender?,demographics,0.00791,0.00884
asianbarometer,SE7a,religiosity self-assessment,"Would you describe yourself as very religious, moderately religious, lightly religious, or not religious at all?",values_identity,Mongolia,28.0,0.43,,6.0,SE13a,current economic status,"On a staircase with 10 steps where the poorest people are on the first step and the richest on the tenth step, where would you put yourself?",political_attitudes,0.00632,0.01546
asianbarometer,SE7a,religiosity self-assessment,"Would you describe yourself as very religious, moderately religious, lightly religious, or not religious at all?",values_identity,Mongolia,28.0,0.43,,7.0,SE10c,occupation type - main earner,Which type of job does the main earner in your household have now?,demographics,0.00632,0.0077
asianbarometer,SE7a,religiosity self-assessment,"Would you describe yourself as very religious, moderately religious, lightly religious, or not religious at all?",values_identity,Mongolia,28.0,0.43,,8.0,SE3,birth year and age,What is your year of birth?,demographics,0.00553,0.01173
asianbarometer,SE7a,religiosity self-assessment,"Would you describe yourself as very religious, moderately religious, lightly religious, or not religious at all?",values_identity,Mongolia,28.0,0.43,,9.0,SE14,household income quintile,What is your household income group?,demographics,0.00316,0.00586
asianbarometer,SE7a,religiosity self-assessment,"Would you describe yourself as very religious, moderately religious, lightly religious, or not religious at all?",values_identity,Mongolia,28.0,0.43,,10.0,SE9a,employment type,"Are you currently self-employed, working in a family business, or working for an outside employer?",demographics,0.00316,0.00707
asianbarometer,SE13a,current economic status,"On a staircase with 10 steps where the poorest people are on the first step and the richest on the tenth step, where would you put yourself?",political_attitudes,Australia,31.0,0.2477,,1.0,SE12,subjective social status,"On a ladder with 10 steps where step 1 represents the lowest status and step 10 represents the highest status, where would you place your family?",wellbeing,0.11308,0.0175
asianbarometer,SE13a,current economic status,"On a staircase with 10 steps where the poorest people are on the first step and the richest on the tenth step, where would you put yourself?",political_attitudes,Australia,31.0,0.2477,,2.0,SE14,household income quintile,What is your household income group?,demographics,0.03376,0.01034
asianbarometer,SE13a,current economic status,"On a staircase with 10 steps where the poorest people are on the first step and the richest on the tenth step, where would you put yourself?",political_attitudes,Australia,31.0,0.2477,,3.0,SE3_1,actual age,What is your actual age?,demographics,0.02278,0.00924
asianbarometer,SE13a,current economic status,"On a staircase with 10 steps where the poorest people are on the first step and the richest on the tenth step, where would you put yourself?",political_attitudes,Australia,31.0,0.2477,,4.0,level,rural or urban,Do you live in a rural or urban area?,demographics,0.01772,0.01724
asianbarometer,SE13a,current economic status,"On a staircase with 10 steps where the poorest people are on the first step and the richest on the tenth step, where would you put yourself?",political_attitudes,Australia,31.0,0.2477,,5.0,SE14a,income adequacy,Does the total income of your household allow you to satisfactorily cover your needs?,wellbeing,0.01688,0.01034
asianbarometer,SE13a,current economic status,"On a staircase with 10 steps where the poorest people are on the first step and the richest on the tenth step, where would you put yourself?",political_attitudes,Australia,31.0,0.2477,,6.0,SE5a,years of formal education,How many years of formal education have you received?,demographics,0.01519,0.0064
asianbarometer,SE13a,current economic status,"On a staircase with 10 steps where the poorest people are on the first step and the richest on the tenth step, where would you put yourself?",political_attitudes,Australia,31.0,0.2477,,7.0,SE3,birth year and age,What is your year of birth?,demographics,0.01181,0.01092
asianbarometer,SE13a,current economic status,"On a staircase with 10 steps where the poorest people are on the first step and the richest on the tenth step, where would you put yourself?",political_attitudes,Australia,31.0,0.2477,,8.0,SE10_1,main earner employment status,Is the main earner in your household currently employed?,demographics,0.00759,0.00189
asianbarometer,SE13a,current economic status,"On a staircase with 10 steps where the poorest people are on the first step and the richest on the tenth step, where would you put yourself?",political_attitudes,Australia,31.0,0.2477,,9.0,SE7a,religiosity self-assessment,"Would you describe yourself as very religious, moderately religious, lightly religious, or not religious at all?",values_identity,0.00591,0.00823
asianbarometer,SE13a,current economic status,"On a staircase with 10 steps where the poorest people are on the first step and the richest on the tenth step, where would you put yourself?",political_attitudes,Australia,31.0,0.2477,,10.0,SE8b,generations in household,How many generations of family members live in this household?,demographics,0.00591,0.00231
asianbarometer,SE13a,current economic status,"On a staircase with 10 steps where the poorest people are on the first step and the richest on the tenth step, where would you put yourself?",political_attitudes,Indonesia,239.0,0.307,,1.0,SE12,subjective social status,"On a ladder with 10 steps where step 1 represents the lowest status and step 10 represents the highest status, where would you place your family?",wellbeing,0.12411,0.01504
asianbarometer,SE13a,current economic status,"On a staircase with 10 steps where the poorest people are on the first step and the richest on the tenth step, where would you put yourself?",political_attitudes,Indonesia,239.0,0.307,,2.0,Q172c,emergency powers justified - corruption crisis,Do you think it would be justified for the government to use emergency powers to constrain individual rights and freedoms during widespread corruption that the president or PM claims can only be reduced by increasing executive power?,political_attitudes,0.01206,0.00593
asianbarometer,SE13a,current economic status,"On a staircase with 10 steps where the poorest people are on the first step and the richest on the tenth step, where would you put yourself?",political_attitudes,Indonesia,239.0,0.307,,3.0,Q63,avoid quarrels for group harmony,Do you agree or disagree with the following statement: 'We should avoid open quarrel to preserve the harmony of the group'?,values_identity,0.0078,0.00682
asianbarometer,SE13a,current economic status,"On a staircase with 10 steps where the poorest people are on the first step and the richest on the tenth step, where would you put yourself?",political_attitudes,Indonesia,239.0,0.307,,4.0,Q97b,third most important problem,What is the third most important problem facing this country that government should address?,political_attitudes,0.0078,0.00583
asianbarometer,SE13a,current economic status,"On a staircase with 10 steps where the poorest people are on the first step and the richest on the tenth step, where would you put yourself?",political_attitudes,Indonesia,239.0,0.307,,5.0,SE11a,racial or ethnic background,What is your racial or ethnic background?,demographics,0.00709,0.00434
asianbarometer,SE13a,current economic status,"On a staircase with 10 steps where the poorest people are on the first step and the richest on the tenth step, where would you put yourself?",political_attitudes,Indonesia,239.0,0.307,,6.0,Q155,diverse thinking causes chaos,"Do you agree or disagree with the following statement: 'If people have too many different ways of thinking, society will be chaotic'?",political_attitudes,0.00709,0.00663
asianbarometer,SE13a,current economic status,"On a staircase with 10 steps where the poorest people are on the first step and the richest on the tenth step, where would you put yourself?",political_attitudes,Indonesia,239.0,0.307,,7.0,SE11,home language,What language do you speak the most in the home?,demographics,0.00638,0.00526
asianbarometer,SE13a,current economic status,"On a staircase with 10 steps where the poorest people are on the first step and the richest on the tenth step, where would you put yourself?",political_attitudes,Indonesia,239.0,0.307,,8.0,Q85,essential democratic characteristic - set 1,"Which one of the following do you think is an essential characteristic of a democracy: (1) Government narrows the gap between the rich and the poor, (2) People choose the government leaders in free and fair elections, (3) Government does not waste any public money, or (4) People are free to express their political views openly?",political_attitudes,0.00638,0.00526
asianbarometer,SE13a,current economic status,"On a staircase with 10 steps where the poorest people are on the first step and the richest on the tenth step, where would you put yourself?",political_attitudes,Indonesia,239.0,0.307,,9.0,Q45,ease of access to childcare,How easy or difficult is it to access childcare?,institutional_trust,0.00638,0.00462
asianbarometer,SE13a,current economic status,"On a staircase with 10 steps where the poorest people are on the first step and the richest on the tenth step, where would you put yourself?",political_attitudes,Indonesia,239.0,0.307,,10.0,Q70,contacted influential people outside government,"In the past three years, have you contacted other influential people outside the government, such as traditional leaders or community leaders, because of personal, family, neighborhood problems, or problems with government officials and policies?",political_participation,0.00638,0.00462
asianbarometer,SE13a,current economic status,"On a staircase with 10 steps where the poorest people are on the first step and the richest on the tenth step, where would you put yourself?",political_attitudes,Mongolia,28.0,0.3852,CONCENTRATED,1.0,SE12,subjective social status,"On a ladder with 10 steps where step 1 represents the lowest status and step 10 represents the highest status, where would you place your family?",wellbeing,0.12321,0.02852
asianbarometer,SE13a,current economic status,"On a staircase with 10 steps where the poorest people are on the first step and the richest on the tenth step, where would you put yourself?",political_attitudes,Mongolia,28.0,0.3852,CONCENTRATED,2.0,SE7,religious service frequency,About how often do you practice religious services or rituals these days?,values_identity,0.02447,0.0159
asianbarometer,SE13a,current economic status,"On a staircase with 10 steps where the poorest people are on the first step and the richest on the tenth step, where would you put yourself?",political_attitudes,Mongolia,28.0,0.3852,CONCENTRATED,3.0,SE9,employment status,Are you currently employed?,demographics,0.01266,0.00597
asianbarometer,SE13a,current economic status,"On a staircase with 10 steps where the poorest people are on the first step and the richest on the tenth step, where would you put yourself?",political_attitudes,Mongolia,28.0,0.3852,CONCENTRATED,4.0,SE10_1,main earner employment status,Is the main earner in your household currently employed?,demographics,0.01013,0.00706
asianbarometer,SE13a,current economic status,"On a staircase with 10 steps where the poorest people are on the first step and the richest on the tenth step, where would you put yourself?",political_attitudes,Mongolia,28.0,0.3852,CONCENTRATED,5.0,SE9a,employment type,"Are you currently self-employed, working in a family business, or working for an outside employer?",demographics,0.01013,0.00377
asianbarometer,SE13a,current economic status,"On a staircase with 10 steps where the poorest people are on the first step and the richest on the tenth step, where would you put yourself?",political_attitudes,Mongolia,28.0,0.3852,CONCENTRATED,6.0,SE9c,occupation type - respondent,Which type of job do you have now?,demographics,0.00844,0.00789
asianbarometer,SE13a,current economic status,"On a staircase with 10 steps where the poorest people are on the first step and the richest on the tenth step, where would you put yourself?",political_attitudes,Mongolia,28.0,0.3852,CONCENTRATED,7.0,SE8b,generations in household,How many generations of family members live in this household?,demographics,0.00759,0.0055
asianbarometer,SE13a,current economic status,"On a staircase with 10 steps where the poorest people are on the first step and the richest on the tenth step, where would you put yourself?",political_attitudes,Mongolia,28.0,0.3852,CONCENTRATED,8.0,SE14,household income quintile,What is your household income group?,demographics,0.00675,0.00823
asianbarometer,SE13a,current economic status,"On a staircase with 10 steps where the poorest people are on the first step and the richest on the tenth step, where would you put yourself?",political_attitudes,Mongolia,28.0,0.3852,CONCENTRATED,9.0,SE8a,household size,How many people live in your household?,demographics,0.00591,0.01059
asianbarometer,SE13a,current economic status,"On a staircase with 10 steps where the poorest people are on the first step and the richest on the tenth step, where would you put yourself?",political_attitudes,Mongolia,28.0,0.3852,CONCENTRATED,10.0,SE5a,years of formal education,How many years of formal education have you received?,demographics,0.00506,0.01348
ess_wave_11,bctprd,Product boycott behavior,"In the past 12 months, have you boycotted any products in this country to try to improve things or prevent problems?",political_participation,Austria,342.0,0.7561,,1.0,sgnptit,Petition signing (last 12 months),"During the last 12 months, have you signed a petition to try to improve things or prevent things from going wrong in your country?",political_participation,0.02553,0.00656
ess_wave_11,bctprd,Product boycott behavior,"In the past 12 months, have you boycotted any products in this country to try to improve things or prevent problems?",political_participation,Austria,342.0,0.7561,,2.0,volunfp,Volunteering for charity,"In the last 12 months, have you volunteered for a not-for-profit or charitable organisation?",political_participation,0.01489,0.00301
ess_wave_11,bctprd,Product boycott behavior,"In the past 12 months, have you boycotted any products in this country to try to improve things or prevent problems?",political_participation,Austria,342.0,0.7561,,3.0,region,Region,Which region do you live in?,demographics,0.01234,0.00551
ess_wave_11,bctprd,Product boycott behavior,"In the past 12 months, have you boycotted any products in this country to try to improve things or prevent problems?",political_participation,Austria,342.0,0.7561,,4.0,ccrdprs,Personal responsibility for climate change,How much personal responsibility do you feel for reducing climate change?,contemporary_issues,0.00766,0.00243
ess_wave_11,bctprd,Product boycott behavior,"In the past 12 months, have you boycotted any products in this country to try to improve things or prevent problems?",political_participation,Austria,342.0,0.7561,,5.0,pbldmna,Participation in demonstrations,"In the past 12 months, have you taken part in a public demonstration in this country to try to improve things or to prevent things from going wrong?",political_participation,0.00766,0.00387
ess_wave_11,bctprd,Product boycott behavior,"In the past 12 months, have you boycotted any products in this country to try to improve things or prevent problems?",political_participation,Austria,342.0,0.7561,,6.0,freehms,Support for gay freedom,To what extent do you agree or disagree that gay men and lesbians should be free to live their own lives as they wish?,social_attitudes,0.00596,0.0035
ess_wave_11,bctprd,Product boycott behavior,"In the past 12 months, have you boycotted any products in this country to try to improve things or prevent problems?",political_participation,Austria,342.0,0.7561,,7.0,nacer2,Industry (NACE Rev.2),What does or did the firm or organisation you work or worked for mainly make or do?,demographics,0.00553,0.00387
ess_wave_11,bctprd,Product boycott behavior,"In the past 12 months, have you boycotted any products in this country to try to improve things or prevent problems?",political_participation,Austria,342.0,0.7561,,8.0,anctrya2,Ancestry 2,How would you describe your ancestry?,demographics,0.00553,0.00387
ess_wave_11,bctprd,Product boycott behavior,"In the past 12 months, have you boycotted any products in this country to try to improve things or prevent problems?",political_participation,Austria,342.0,0.7561,,9.0,trstplc,Trust in the police,How much do you personally trust the police?,institutional_trust,0.00468,0.00095
ess_wave_11,bctprd,Product boycott behavior,"In the past 12 months, have you boycotted any products in this country to try to improve things or prevent problems?",political_participation,Austria,342.0,0.7561,,10.0,inprdsc,Number of confidants,How many people can you discuss intimate or personal matters with?,social_attitudes,0.00468,0.00178
ess_wave_11,bctprd,Product boycott behavior,"In the past 12 months, have you boycotted any products in this country to try to improve things or prevent problems?",political_participation,France,345.0,0.6116,,1.0,sgnptit,Petition signing (last 12 months),"During the last 12 months, have you signed a petition to try to improve things or prevent things from going wrong in your country?",political_participation,0.02606,0.0135
ess_wave_11,bctprd,Product boycott behavior,"In the past 12 months, have you boycotted any products in this country to try to improve things or prevent problems?",political_participation,France,345.0,0.6116,,2.0,stfhlth,State of health services,"Overall, what do you think about the state of health services in this country nowadays?",institutional_trust,0.0102,0.0043
ess_wave_11,bctprd,Product boycott behavior,"In the past 12 months, have you boycotted any products in this country to try to improve things or prevent problems?",political_participation,France,345.0,0.6116,,3.0,atcherp,Emotional attachment to Europe,How emotionally attached do you feel to Europe?,values_identity,0.00623,0.0031
ess_wave_11,bctprd,Product boycott behavior,"In the past 12 months, have you boycotted any products in this country to try to improve things or prevent problems?",political_participation,France,345.0,0.6116,,4.0,nacer2,Industry (NACE Rev.2),What does or did the firm or organisation you work or worked for mainly make or do?,demographics,0.00623,0.00127
ess_wave_11,bctprd,Product boycott behavior,"In the past 12 months, have you boycotted any products in this country to try to improve things or prevent problems?",political_participation,France,345.0,0.6116,,5.0,testjc36,Governments' climate action likelihood,How likely do you think it is that enough governments will take action to reduce climate change?,contemporary_issues,0.00623,0.0042
ess_wave_11,bctprd,Product boycott behavior,"In the past 12 months, have you boycotted any products in this country to try to improve things or prevent problems?",political_participation,France,345.0,0.6116,,6.0,pbldmna,Participation in demonstrations,"In the past 12 months, have you taken part in a public demonstration in this country to try to improve things or to prevent things from going wrong?",political_participation,0.0051,0.00369
ess_wave_11,bctprd,Product boycott behavior,"In the past 12 months, have you boycotted any products in this country to try to improve things or prevent problems?",political_participation,France,345.0,0.6116,,7.0,agea,Respondent's age,How old are you?,demographics,0.0051,0.00237
ess_wave_11,bctprd,Product boycott behavior,"In the past 12 months, have you boycotted any products in this country to try to improve things or prevent problems?",political_participation,France,345.0,0.6116,,8.0,imbgeco,Immigration economic impact,Would you say immigration is generally bad or good for the economy in this country?,social_attitudes,0.0051,0.00237
ess_wave_11,bctprd,Product boycott behavior,"In the past 12 months, have you boycotted any products in this country to try to improve things or prevent problems?",political_participation,France,345.0,0.6116,,9.0,prtvtffr,Party voted for (France),"In the most recent national election in France, which party did you vote for in the first round?",political_participation,0.00453,0.0043
ess_wave_11,bctprd,Product boycott behavior,"In the past 12 months, have you boycotted any products in this country to try to improve things or prevent problems?",political_participation,France,345.0,0.6116,,10.0,dscrage,Age discrimination,Does your group face discrimination because of age?,social_attitudes,0.0034,0.00127
ess_wave_11,bctprd,Product boycott behavior,"In the past 12 months, have you boycotted any products in this country to try to improve things or prevent problems?",political_participation,Italy,339.0,0.9323,SKEWED WEAK_SIGNAL,1.0,imwbcnt,Effect of immigrants,"Overall, do people who come to live in this country make it a better or worse place to live?",social_attitudes,0.00175,0.0
ess_wave_11,bctprd,Product boycott behavior,"In the past 12 months, have you boycotted any products in this country to try to improve things or prevent problems?",political_participation,Italy,339.0,0.9323,SKEWED WEAK_SIGNAL,2.0,pstplonl,Posted/shared politics online,"In the past 12 months, have you posted or shared anything about politics online, for example on blogs, by email, or on social media like Facebook or Twitter?",political_participation,0.00175,0.0
ess_wave_11,bctprd,Product boycott behavior,"In the past 12 months, have you boycotted any products in this country to try to improve things or prevent problems?",political_participation,Italy,339.0,0.9323,SKEWED WEAK_SIGNAL,3.0,ppltrst,Trust in most people,"Generally speaking, would you say that most people can be trusted, or that you can't be too careful in dealing with people?",social_attitudes,0.00175,0.0
ess_wave_11,bctprd,Product boycott behavior,"In the past 12 months, have you boycotted any products in this country to try to improve things or prevent problems?",political_participation,Italy,339.0,0.9323,SKEWED WEAK_SIGNAL,4.0,sgnptit,Petition signing (last 12 months),"During the last 12 months, have you signed a petition to try to improve things or prevent things from going wrong in your country?",political_participation,0.00175,0.0
ess_wave_11,bctprd,Product boycott behavior,"In the past 12 months, have you boycotted any products in this country to try to improve things or prevent problems?",political_participation,Italy,339.0,0.9323,SKEWED WEAK_SIGNAL,5.0,occm14b,Mother's occupation at 14,"When you were 14, what kind of work did your mother do?",demographics,0.00175,0.0
ess_wave_11,bctprd,Product boycott behavior,"In the past 12 months, have you boycotted any products in this country to try to improve things or prevent problems?",political_participation,Italy,339.0,0.9323,SKEWED WEAK_SIGNAL,6.0,wrhpp,Happiness in past week,"In the past week, how much of the time did you feel happy?",wellbeing,0.00175,0.0
ess_wave_11,bctprd,Product boycott behavior,"In the past 12 months, have you boycotted any products in this country to try to improve things or prevent problems?",political_participation,Italy,339.0,0.9323,SKEWED WEAK_SIGNAL,7.0,rlgdnm,Current religious denomination,Which religion or denomination do you currently belong to?,demographics,0.00175,0.0
ess_wave_11,bctprd,Product boycott behavior,"In the past 12 months, have you boycotted any products in this country to try to improve things or prevent problems?",political_participation,Italy,339.0,0.9323,SKEWED WEAK_SIGNAL,8.0,dshltgp,Discussed health with GP,"In the past 12 months, have you discussed your health with a general practitioner, including by phone, message, or a home visit?",wellbeing,0.00175,0.0
ess_wave_11,bctprd,Product boycott behavior,"In the past 12 months, have you boycotted any products in this country to try to improve things or prevent problems?",political_participation,Italy,339.0,0.9323,SKEWED WEAK_SIGNAL,9.0,occf14b,Father's occupation at age 14,How would you describes the type of occupation of your father when you were 14 years old?,demographics,0.00175,0.0
ess_wave_11,bctprd,Product boycott behavior,"In the past 12 months, have you boycotted any products in this country to try to improve things or prevent problems?",political_participation,Italy,339.0,0.9323,SKEWED WEAK_SIGNAL,10.0,jbexecp,Job exposure: chemicals,"Have you ever been exposed to chemical products, vapours, or other substances in any job you've had?",demographics,0.00175,0.0
ess_wave_11,rtrd,Retired (last 7 days),Were you retired in the past seven days?,demographics,Austria,342.0,0.5875,CONCENTRATED,1.0,mnactic,Main activity (last 7 days),What was your main activity in the last 7 days?,demographics,0.25648,0.01329
ess_wave_11,rtrd,Retired (last 7 days),Were you retired in the past seven days?,demographics,Austria,342.0,0.5875,CONCENTRATED,2.0,hswrk,Housework and childcare,"In the past 7 days, have you done housework, looked after children, or cared for other people?",demographics,0.00297,0.0019
ess_wave_11,rtrd,Retired (last 7 days),Were you retired in the past seven days?,demographics,Austria,342.0,0.5875,CONCENTRATED,3.0,hincsrca,Household main income source,What is your household's main source of income? Please include income from all household members and any income received by the household as a whole.,demographics,0.00042,0.00095
ess_wave_11,rtrd,Retired (last 7 days),Were you retired in the past seven days?,demographics,Austria,342.0,0.5875,CONCENTRATED,4.0,yrbrn,Respondent's birth year,In what year were you born?,demographics,0.00042,0.00277
ess_wave_11,rtrd,Retired (last 7 days),Were you retired in the past seven days?,demographics,Austria,342.0,0.5875,CONCENTRATED,5.0,pplhlp,Perceived helpfulness of people,"Would you say that most of the time people try to be helpful, or are they mostly looking out for themselves?",social_attitudes,0.0,0.0
ess_wave_11,rtrd,Retired (last 7 days),Were you retired in the past seven days?,demographics,Austria,342.0,0.5875,CONCENTRATED,6.0,anctrya2,Ancestry 2,How would you describe your ancestry?,demographics,0.0,0.0
ess_wave_11,rtrd,Retired (last 7 days),Were you retired in the past seven days?,demographics,Austria,342.0,0.5875,CONCENTRATED,7.0,donprty,Donation/participation in political groups,"In the past 12 months, have you donated to or taken part in a political party or pressure group?",political_participation,0.0,0.0
ess_wave_11,rtrd,Retired (last 7 days),Were you retired in the past seven days?,demographics,Austria,342.0,0.5875,CONCENTRATED,8.0,netustm,Daily internet time,"On a typical day, about how many hours do you spend using the internet on any device (computer, tablet, or smartphone) for work or personal use?",contemporary_issues,0.0,0.0
ess_wave_11,rtrd,Retired (last 7 days),Were you retired in the past seven days?,demographics,Austria,342.0,0.5875,CONCENTRATED,9.0,ipbhprpa,Importance of proper behavior,How much does this description sound like you: 'It's important to always behave properly; I try to avoid doing anything people would say is wrong'?,values_identity,0.0,0.0
ess_wave_11,rtrd,Retired (last 7 days),Were you retired in the past seven days?,demographics,Austria,342.0,0.5875,CONCENTRATED,10.0,iprspota,Desire for respect,How much does this description sound like you: 'It's important to me to get respect from others; I want people to do what I say'?,values_identity,0.0,0.0
ess_wave_11,rtrd,Retired (last 7 days),Were you retired in the past seven days?,demographics,France,345.0,0.7053,CONCENTRATED,1.0,mnactic,Main activity (last 7 days),What was your main activity in the last 7 days?,demographics,0.4107,0.04844
ess_wave_11,rtrd,Retired (last 7 days),Were you retired in the past seven days?,demographics,France,345.0,0.7053,CONCENTRATED,2.0,yrbrn,Respondent's birth year,In what year were you born?,demographics,0.00789,0.00367
ess_wave_11,rtrd,Retired (last 7 days),Were you retired in the past seven days?,demographics,France,345.0,0.7053,CONCENTRATED,3.0,psppipla,Perceived political influence,How much does the political system in this country allow people like you to influence politics?,political_participation,0.0,0.0
ess_wave_11,rtrd,Retired (last 7 days),Were you retired in the past seven days?,demographics,France,345.0,0.7053,CONCENTRATED,4.0,netusoft,Frequency of internet use,"How often do you use the internet on any device, whether for work or personal use?",contemporary_issues,0.0,0.0
ess_wave_11,rtrd,Retired (last 7 days),Were you retired in the past seven days?,demographics,France,345.0,0.7053,CONCENTRATED,5.0,netustm,Daily internet time,"On a typical day, about how many hours do you spend using the internet on any device (computer, tablet, or smartphone) for work or personal use?",contemporary_issues,0.0,0.0
ess_wave_11,rtrd,Retired (last 7 days),Were you retired in the past seven days?,demographics,France,345.0,0.7053,CONCENTRATED,6.0,ppltrst,Trust in most people,"Generally speaking, would you say that most people can be trusted, or that you can't be too careful in dealing with people?",social_attitudes,0.0,0.0
ess_wave_11,rtrd,Retired (last 7 days),Were you retired in the past seven days?,demographics,France,345.0,0.7053,CONCENTRATED,7.0,pplfair,Perception of others' fairness,"Do you think most people would try to take advantage of you if they had the chance, or would they try to be fair?",social_attitudes,0.0,0.0
ess_wave_11,rtrd,Retired (last 7 days),Were you retired in the past seven days?,demographics,France,345.0,0.7053,CONCENTRATED,8.0,pplhlp,Perceived helpfulness of people,"Would you say that most of the time people try to be helpful, or are they mostly looking out for themselves?",social_attitudes,0.0,0.0
ess_wave_11,rtrd,Retired (last 7 days),Were you retired in the past seven days?,demographics,France,345.0,0.7053,CONCENTRATED,9.0,polintr,Interest in politics,How interested would you say you are in politics?,political_participation,0.0,0.0
ess_wave_11,rtrd,Retired (last 7 days),Were you retired in the past seven days?,demographics,France,345.0,0.7053,CONCENTRATED,10.0,ipadvnta,Adventurousness and risk-taking,"To what extent does this statement describe you: ""I look for adventures, like to take risks, and want to have an exciting life""?",values_identity,0.0,0.0
ess_wave_11,rtrd,Retired (last 7 days),Were you retired in the past seven days?,demographics,Italy,339.0,0.7759,CONCENTRATED,1.0,mnactic,Main activity (last 7 days),What was your main activity in the last 7 days?,demographics,0.22932,0.01405
ess_wave_11,rtrd,Retired (last 7 days),Were you retired in the past seven days?,demographics,Italy,339.0,0.7759,CONCENTRATED,2.0,pdjobev,Ever had paid job,Have you ever had a paid job?,demographics,0.01431,0.00228
ess_wave_11,rtrd,Retired (last 7 days),Were you retired in the past seven days?,demographics,Italy,339.0,0.7759,CONCENTRATED,3.0,yrbrn,Respondent's birth year,In what year were you born?,demographics,0.00908,0.00191
ess_wave_11,rtrd,Retired (last 7 days),Were you retired in the past seven days?,demographics,Italy,339.0,0.7759,CONCENTRATED,4.0,ipbhprpa,Importance of proper behavior,How much does this description sound like you: 'It's important to always behave properly; I try to avoid doing anything people would say is wrong'?,values_identity,0.0,0.0
ess_wave_11,rtrd,Retired (last 7 days),Were you retired in the past seven days?,demographics,Italy,339.0,0.7759,CONCENTRATED,5.0,iprspota,Desire for respect,How much does this description sound like you: 'It's important to me to get respect from others; I want people to do what I say'?,values_identity,0.0,0.0
ess_wave_11,rtrd,Retired (last 7 days),Were you retired in the past seven days?,demographics,Italy,339.0,0.7759,CONCENTRATED,6.0,iplylfra,Loyalty to friends,"How much does this statement describe you: ""It is important to be loyal to your friends and to devote yourself to people close to you""?",values_identity,0.0,0.0
ess_wave_11,rtrd,Retired (last 7 days),Were you retired in the past seven days?,demographics,Italy,339.0,0.7759,CONCENTRATED,7.0,impenva,Care for the environment,How well does the following statement describe you: 'You strongly believe people should care for nature; looking after the environment is important to you'?,values_identity,0.0,0.0
ess_wave_11,rtrd,Retired (last 7 days),Were you retired in the past seven days?,demographics,Italy,339.0,0.7759,CONCENTRATED,8.0,imptrada,Importance of traditions,How well does the statement 'Tradition is important to me; I try to follow customs from my religion or my family' describe you?,values_identity,0.0,0.0
ess_wave_11,rtrd,Retired (last 7 days),Were you retired in the past seven days?,demographics,Italy,339.0,0.7759,CONCENTRATED,9.0,impfuna,Importance of seeking fun,"How well does this statement describe you: ""I seek every chance to have fun and it's important to me to do things that give me pleasure""?",values_identity,0.0,0.0
ess_wave_11,rtrd,Retired (last 7 days),Were you retired in the past seven days?,demographics,Italy,339.0,0.7759,CONCENTRATED,10.0,testji1,Belief energy-use limits reduce climate change,"If many people reduced their energy use, how likely is it that this would reduce climate change?",contemporary_issues,0.0,0.0
ess_wave_11,eqparlv,Support for equal parental leave,"Imagine a couple in which both parents work full-time, earn about the same, have a newborn, and are both eligible for paid leave. To what extent would you favor or oppose a law requiring both parents to take equal periods of paid leave to care for their child?",social_attitudes,Austria,341.0,0.2655,,1.0,eqparep,Support for equal parliamentary seats,To what extent are you in favour or against a law that requires an equal number of seats for women and men in Parliament?,social_attitudes,0.04894,0.02085
ess_wave_11,eqparlv,Support for equal parental leave,"Imagine a couple in which both parents work full-time, earn about the same, have a newborn, and are both eligible for paid leave. To what extent would you favor or oppose a law requiring both parents to take equal periods of paid leave to care for their child?",social_attitudes,Austria,341.0,0.2655,,2.0,freinsw,Support for firing harassers,To what extent do you favor or oppose firing employees who make insulting comments about women in the workplace?,social_attitudes,0.02638,0.0091
ess_wave_11,eqparlv,Support for equal parental leave,"Imagine a couple in which both parents work full-time, earn about the same, have a newborn, and are both eligible for paid leave. To what extent would you favor or oppose a law requiring both parents to take equal periods of paid leave to care for their child?",social_attitudes,Austria,341.0,0.2655,,3.0,eqwrkbg,Impact on family life,"Overall, how good or bad is it for family life in this country if equal numbers of women and men are in paid work?",social_attitudes,0.01404,0.00715
ess_wave_11,eqparlv,Support for equal parental leave,"Imagine a couple in which both parents work full-time, earn about the same, have a newborn, and are both eligible for paid leave. To what extent would you favor or oppose a law requiring both parents to take equal periods of paid leave to care for their child?",social_attitudes,Austria,341.0,0.2655,,4.0,jbexpmc,Exposure to heavy loads,"In any job you've ever had, did you have to manually carry or move heavy loads?",demographics,0.01319,0.00551
ess_wave_11,eqparlv,Support for equal parental leave,"Imagine a couple in which both parents work full-time, earn about the same, have a newborn, and are both eligible for paid leave. To what extent would you favor or oppose a law requiring both parents to take equal periods of paid leave to care for their child?",social_attitudes,Austria,341.0,0.2655,,5.0,dshltms,Discussed health with specialist,"In the past 12 months, did you discuss your health with a medical specialist?",wellbeing,0.01277,0.00673
ess_wave_11,eqparlv,Support for equal parental leave,"Imagine a couple in which both parents work full-time, earn about the same, have a newborn, and are both eligible for paid leave. To what extent would you favor or oppose a law requiring both parents to take equal periods of paid leave to care for their child?",social_attitudes,Austria,341.0,0.2655,,6.0,stfhlth,State of health services,"Overall, what do you think about the state of health services in this country nowadays?",institutional_trust,0.01021,0.0059
ess_wave_11,eqparlv,Support for equal parental leave,"Imagine a couple in which both parents work full-time, earn about the same, have a newborn, and are both eligible for paid leave. To what extent would you favor or oppose a law requiring both parents to take equal periods of paid leave to care for their child?",social_attitudes,Austria,341.0,0.2655,,7.0,eqpaybg,Economic impact of equal pay,How good or bad for the economy in this country would it be if women and men received equal pay for doing the same work?,social_attitudes,0.00979,0.00387
ess_wave_11,eqparlv,Support for equal parental leave,"Imagine a couple in which both parents work full-time, earn about the same, have a newborn, and are both eligible for paid leave. To what extent would you favor or oppose a law requiring both parents to take equal periods of paid leave to care for their child?",social_attitudes,Austria,341.0,0.2655,,8.0,cgtsmok,Cigarette smoking behavior,"Thinking about smoking cigarettes, how often do you smoke?",wellbeing,0.00979,0.00323
ess_wave_11,eqparlv,Support for equal parental leave,"Imagine a couple in which both parents work full-time, earn about the same, have a newborn, and are both eligible for paid leave. To what extent would you favor or oppose a law requiring both parents to take equal periods of paid leave to care for their child?",social_attitudes,Austria,341.0,0.2655,,9.0,testjc34,Perceived effectiveness of energy limits,"If large numbers of people reduced their energy use, how likely do you think that would be to reduce climate change?",contemporary_issues,0.00936,0.00761
ess_wave_11,eqparlv,Support for equal parental leave,"Imagine a couple in which both parents work full-time, earn about the same, have a newborn, and are both eligible for paid leave. To what extent would you favor or oppose a law requiring both parents to take equal periods of paid leave to care for their child?",social_attitudes,Austria,341.0,0.2655,,10.0,trstep,Trust in European Parliament,How much do you personally trust the European Parliament?,institutional_trust,0.00894,0.00277
ess_wave_11,eqparlv,Support for equal parental leave,"Imagine a couple in which both parents work full-time, earn about the same, have a newborn, and are both eligible for paid leave. To what extent would you favor or oppose a law requiring both parents to take equal periods of paid leave to care for their child?",social_attitudes,France,343.0,0.3241,,1.0,eqparep,Support for equal parliamentary seats,To what extent are you in favour or against a law that requires an equal number of seats for women and men in Parliament?,social_attitudes,0.03729,0.01285
ess_wave_11,eqparlv,Support for equal parental leave,"Imagine a couple in which both parents work full-time, earn about the same, have a newborn, and are both eligible for paid leave. To what extent would you favor or oppose a law requiring both parents to take equal periods of paid leave to care for their child?",social_attitudes,France,343.0,0.3241,,2.0,wkdcorga,Control over daily work,How much does or did management at your workplace let you decide how to organize your daily work?,demographics,0.0096,0.00551
ess_wave_11,eqparlv,Support for equal parental leave,"Imagine a couple in which both parents work full-time, earn about the same, have a newborn, and are both eligible for paid leave. To what extent would you favor or oppose a law requiring both parents to take equal periods of paid leave to care for their child?",social_attitudes,France,343.0,0.3241,,3.0,sothnds,Sensitivity to others' needs,"How much does the statement ""I am sensitive to others' needs"" describe you?",social_attitudes,0.0096,0.00619
ess_wave_11,eqparlv,Support for equal parental leave,"Imagine a couple in which both parents work full-time, earn about the same, have a newborn, and are both eligible for paid leave. To what extent would you favor or oppose a law requiring both parents to take equal periods of paid leave to care for their child?",social_attitudes,France,343.0,0.3241,,4.0,freinsw,Support for firing harassers,To what extent do you favor or oppose firing employees who make insulting comments about women in the workplace?,social_attitudes,0.0096,0.0114
ess_wave_11,eqparlv,Support for equal parental leave,"Imagine a couple in which both parents work full-time, earn about the same, have a newborn, and are both eligible for paid leave. To what extent would you favor or oppose a law requiring both parents to take equal periods of paid leave to care for their child?",social_attitudes,France,343.0,0.3241,,5.0,region,Region,Which region do you live in?,demographics,0.00904,0.01119
ess_wave_11,eqparlv,Support for equal parental leave,"Imagine a couple in which both parents work full-time, earn about the same, have a newborn, and are both eligible for paid leave. To what extent would you favor or oppose a law requiring both parents to take equal periods of paid leave to care for their child?",social_attitudes,France,343.0,0.3241,,6.0,ccrdprs,Personal responsibility for climate change,How much personal responsibility do you feel for reducing climate change?,contemporary_issues,0.00621,0.00309
ess_wave_11,eqparlv,Support for equal parental leave,"Imagine a couple in which both parents work full-time, earn about the same, have a newborn, and are both eligible for paid leave. To what extent would you favor or oppose a law requiring both parents to take equal periods of paid leave to care for their child?",social_attitudes,France,343.0,0.3241,,7.0,gincdif,Support for income redistribution,"To what extent do you agree or disagree with the statement: ""The government should take steps to reduce income inequality""?",political_attitudes,0.00565,0.00447
ess_wave_11,eqparlv,Support for equal parental leave,"Imagine a couple in which both parents work full-time, earn about the same, have a newborn, and are both eligible for paid leave. To what extent would you favor or oppose a law requiring both parents to take equal periods of paid leave to care for their child?",social_attitudes,France,343.0,0.3241,,8.0,hltphbn,Back or neck pain limitation,"In the last 12 months, did back or neck pain hamper your daily activities in any way?",wellbeing,0.00565,0.00489
ess_wave_11,eqparlv,Support for equal parental leave,"Imagine a couple in which both parents work full-time, earn about the same, have a newborn, and are both eligible for paid leave. To what extent would you favor or oppose a law requiring both parents to take equal periods of paid leave to care for their child?",social_attitudes,France,343.0,0.3241,,9.0,fineqpy,Support for fining employers,To what extent do you favor or oppose fining businesses that pay men more than women for the same work?,social_attitudes,0.00565,0.00999
ess_wave_11,eqparlv,Support for equal parental leave,"Imagine a couple in which both parents work full-time, earn about the same, have a newborn, and are both eligible for paid leave. To what extent would you favor or oppose a law requiring both parents to take equal periods of paid leave to care for their child?",social_attitudes,France,343.0,0.3241,,10.0,testjc37,Likelihood energy cuts reduce climate change,"If many people reduced their energy use, how likely do you think that would be to reduce climate change?",contemporary_issues,0.00508,0.00368
ess_wave_11,eqparlv,Support for equal parental leave,"Imagine a couple in which both parents work full-time, earn about the same, have a newborn, and are both eligible for paid leave. To what extent would you favor or oppose a law requiring both parents to take equal periods of paid leave to care for their child?",social_attitudes,Italy,339.0,0.3613,,1.0,eqparep,Support for equal parliamentary seats,To what extent are you in favour or against a law that requires an equal number of seats for women and men in Parliament?,social_attitudes,0.03182,0.01195
ess_wave_11,eqparlv,Support for equal parental leave,"Imagine a couple in which both parents work full-time, earn about the same, have a newborn, and are both eligible for paid leave. To what extent would you favor or oppose a law requiring both parents to take equal periods of paid leave to care for their child?",social_attitudes,Italy,339.0,0.3613,,2.0,fineqpy,Support for fining employers,To what extent do you favor or oppose fining businesses that pay men more than women for the same work?,social_attitudes,0.00979,0.00913
ess_wave_11,eqparlv,Support for equal parental leave,"Imagine a couple in which both parents work full-time, earn about the same, have a newborn, and are both eligible for paid leave. To what extent would you favor or oppose a law requiring both parents to take equal periods of paid leave to care for their child?",social_attitudes,Italy,339.0,0.3613,,3.0,freinsw,Support for firing harassers,To what extent do you favor or oppose firing employees who make insulting comments about women in the workplace?,social_attitudes,0.00839,0.01102
ess_wave_11,eqparlv,Support for equal parental leave,"Imagine a couple in which both parents work full-time, earn about the same, have a newborn, and are both eligible for paid leave. To what extent would you favor or oppose a law requiring both parents to take equal periods of paid leave to care for their child?",social_attitudes,Italy,339.0,0.3613,,4.0,alcbnge,Binge drinking frequency,"In the past 12 months, how often did you drink that amount of alcohol or more on a single occasion?",wellbeing,0.00594,0.00199
ess_wave_11,eqparlv,Support for equal parental leave,"Imagine a couple in which both parents work full-time, earn about the same, have a newborn, and are both eligible for paid leave. To what extent would you favor or oppose a law requiring both parents to take equal periods of paid leave to care for their child?",social_attitudes,Italy,339.0,0.3613,,5.0,euftf,Preference for EU integration,"To what extent do you think European unification should go further, is about right as it is, or has already gone too far?",political_attitudes,0.00594,0.00363
ess_wave_11,eqparlv,Support for equal parental leave,"Imagine a couple in which both parents work full-time, earn about the same, have a newborn, and are both eligible for paid leave. To what extent would you favor or oppose a law requiring both parents to take equal periods of paid leave to care for their child?",social_attitudes,Italy,339.0,0.3613,,6.0,region,Region,Which region do you live in?,demographics,0.00559,0.00485
ess_wave_11,eqparlv,Support for equal parental leave,"Imagine a couple in which both parents work full-time, earn about the same, have a newborn, and are both eligible for paid leave. To what extent would you favor or oppose a law requiring both parents to take equal periods of paid leave to care for their child?",social_attitudes,Italy,339.0,0.3613,,7.0,ipcrtiva,Values creativity,"How much does this description sound like you: ""Thinking up new ideas and being creative is important to you; you like to do things in your own original way""?",values_identity,0.0049,0.00313
ess_wave_11,eqparlv,Support for equal parental leave,"Imagine a couple in which both parents work full-time, earn about the same, have a newborn, and are both eligible for paid leave. To what extent would you favor or oppose a law requiring both parents to take equal periods of paid leave to care for their child?",social_attitudes,Italy,339.0,0.3613,,8.0,edlvffit,Father's education level,What is the highest level of education your father successfully completed?,demographics,0.00455,0.00156
ess_wave_11,eqparlv,Support for equal parental leave,"Imagine a couple in which both parents work full-time, earn about the same, have a newborn, and are both eligible for paid leave. To what extent would you favor or oppose a law requiring both parents to take equal periods of paid leave to care for their child?",social_attitudes,Italy,339.0,0.3613,,9.0,jbexevh,Job exposure: very hot temperatures,Have you ever been exposed to very hot temperatures in any job?,demographics,0.00455,0.00096
ess_wave_11,eqparlv,Support for equal parental leave,"Imagine a couple in which both parents work full-time, earn about the same, have a newborn, and are both eligible for paid leave. To what extent would you favor or oppose a law requiring both parents to take equal periods of paid leave to care for their child?",social_attitudes,Italy,339.0,0.3613,,10.0,alcfreq,Alcohol consumption frequency,"In the past 12 months, how often have you had an alcoholic drink (for example, wine, beer, cider, or spirits)?",demographics,0.0042,0.00547
ess_wave_11,testji4,Likelihood energy limits reduce climate change,"If large numbers of people limited their energy use, how likely is it that this would reduce climate change?",contemporary_issues,Austria,329.0,0.6619,CONCENTRATED,1.0,testji6,Likelihood governments act on climate,How likely do you think it is that governments in enough countries will take action to reduce climate change?,contemporary_issues,0.28747,0.01914
ess_wave_11,testji4,Likelihood energy limits reduce climate change,"If large numbers of people limited their energy use, how likely is it that this would reduce climate change?",contemporary_issues,Austria,329.0,0.6619,CONCENTRATED,2.0,prtdgcl,Closeness to political party,How close do you feel to this party?,political_participation,0.00467,0.00408
ess_wave_11,testji4,Likelihood energy limits reduce climate change,"If large numbers of people limited their energy use, how likely is it that this would reduce climate change?",contemporary_issues,Austria,329.0,0.6619,CONCENTRATED,3.0,ccnthum,Cause of climate change,"Do you think climate change is caused entirely or mainly by natural processes, entirely or mainly by human activity, or about equally by both?",contemporary_issues,0.00425,0.00475
ess_wave_11,testji4,Likelihood energy limits reduce climate change,"If large numbers of people limited their energy use, how likely is it that this would reduce climate change?",contemporary_issues,Austria,329.0,0.6619,CONCENTRATED,4.0,hinctnta,Household net income decile,"Where does your household's total income (from all sources, after taxes and compulsory deductions) fall in your country's income distribution?",demographics,0.00425,0.0015
ess_wave_11,testji4,Likelihood energy limits reduce climate change,"If large numbers of people limited their energy use, how likely is it that this would reduce climate change?",contemporary_issues,Austria,329.0,0.6619,CONCENTRATED,5.0,bctprd,Product boycott behavior,"In the past 12 months, have you boycotted any products in this country to try to improve things or prevent problems?",political_participation,0.00382,0.0038
ess_wave_11,testji4,Likelihood energy limits reduce climate change,"If large numbers of people limited their energy use, how likely is it that this would reduce climate change?",contemporary_issues,Austria,329.0,0.6619,CONCENTRATED,6.0,trhltpt,Physiotherapy use,"In the last 12 months, have you used physiotherapy for your own health?",wellbeing,0.00382,0.00095
ess_wave_11,testji4,Likelihood energy limits reduce climate change,"If large numbers of people limited their energy use, how likely is it that this would reduce climate change?",contemporary_issues,Austria,329.0,0.6619,CONCENTRATED,7.0,hltphhb,High blood pressure impact,"In the past 12 months, did high blood pressure interfere with your daily activities in any way?",wellbeing,0.0034,0.00116
ess_wave_11,testji4,Likelihood energy limits reduce climate change,"If large numbers of people limited their energy use, how likely is it that this would reduce climate change?",contemporary_issues,Austria,329.0,0.6619,CONCENTRATED,8.0,edulvlfb,Father's education level,What is the highest level of education your father completed?,demographics,0.0034,0.00116
ess_wave_11,testji4,Likelihood energy limits reduce climate change,"If large numbers of people limited their energy use, how likely is it that this would reduce climate change?",contemporary_issues,Austria,329.0,0.6619,CONCENTRATED,9.0,paccmoro,Mould or rot in housing,"Did your accommodation have mould or rot around the windows, on the doors, or on the floors?",wellbeing,0.00255,0.00095
ess_wave_11,testji4,Likelihood energy limits reduce climate change,"If large numbers of people limited their energy use, how likely is it that this would reduce climate change?",contemporary_issues,Austria,329.0,0.6619,CONCENTRATED,10.0,eiscedf,Father's education level,What is the highest level of education your father completed (ES-ISCED classification)?,demographics,0.00255,0.00095
ess_wave_11,testji4,Likelihood energy limits reduce climate change,"If large numbers of people limited their energy use, how likely is it that this would reduce climate change?",contemporary_issues,France,331.0,0.642,CONCENTRATED,1.0,testjc39,Governments' climate action likelihood,How likely do you think it is that governments in enough countries will take action to reduce climate change?,contemporary_issues,0.32486,0.02295
ess_wave_11,testji4,Likelihood energy limits reduce climate change,"If large numbers of people limited their energy use, how likely is it that this would reduce climate change?",contemporary_issues,France,331.0,0.642,CONCENTRATED,2.0,isco08p,"Occupation partner, ISCO08",What is (or was) your partner's main occupation?,demographics,0.0096,0.00322
ess_wave_11,testji4,Likelihood energy limits reduce climate change,"If large numbers of people limited their energy use, how likely is it that this would reduce climate change?",contemporary_issues,France,331.0,0.642,CONCENTRATED,3.0,occm14b,Mother's occupation at 14,"When you were 14, what kind of work did your mother do?",demographics,0.00847,0.00489
ess_wave_11,testji4,Likelihood energy limits reduce climate change,"If large numbers of people limited their energy use, how likely is it that this would reduce climate change?",contemporary_issues,France,331.0,0.642,CONCENTRATED,4.0,gincdif,Support for income redistribution,"To what extent do you agree or disagree with the statement: ""The government should take steps to reduce income inequality""?",political_attitudes,0.00734,0.00253
ess_wave_11,testji4,Likelihood energy limits reduce climate change,"If large numbers of people limited their energy use, how likely is it that this would reduce climate change?",contemporary_issues,France,331.0,0.642,CONCENTRATED,5.0,wrclmch,Worry about climate change,How worried are you about climate change?,contemporary_issues,0.00621,0.00543
ess_wave_11,testji4,Likelihood energy limits reduce climate change,"If large numbers of people limited their energy use, how likely is it that this would reduce climate change?",contemporary_issues,France,331.0,0.642,CONCENTRATED,6.0,imptrada,Importance of traditions,How well does the statement 'Tradition is important to me; I try to follow customs from my religion or my family' describe you?,values_identity,0.00508,0.00419
ess_wave_11,testji4,Likelihood energy limits reduce climate change,"If large numbers of people limited their energy use, how likely is it that this would reduce climate change?",contemporary_issues,France,331.0,0.642,CONCENTRATED,7.0,stflife,Life satisfaction,"Overall, how satisfied are you with your life these days?",wellbeing,0.00508,0.00236
ess_wave_11,testji4,Likelihood energy limits reduce climate change,"If large numbers of people limited their energy use, how likely is it that this would reduce climate change?",contemporary_issues,France,331.0,0.642,CONCENTRATED,8.0,hinctnta,Household net income decile,"Where does your household's total income (from all sources, after taxes and compulsory deductions) fall in your country's income distribution?",demographics,0.00508,0.00368
ess_wave_11,testji4,Likelihood energy limits reduce climate change,"If large numbers of people limited their energy use, how likely is it that this would reduce climate change?",contemporary_issues,France,331.0,0.642,CONCENTRATED,9.0,ccrdprs,Personal responsibility for climate change,How much personal responsibility do you feel for reducing climate change?,contemporary_issues,0.00508,0.0088
ess_wave_11,testji4,Likelihood energy limits reduce climate change,"If large numbers of people limited their energy use, how likely is it that this would reduce climate change?",contemporary_issues,France,331.0,0.642,CONCENTRATED,10.0,weighta,Respondent's weight,"Approximately how much do you weigh without shoes, in kilograms?",demographics,0.00452,0.00428
ess_wave_11,testji4,Likelihood energy limits reduce climate change,"If large numbers of people limited their energy use, how likely is it that this would reduce climate change?",contemporary_issues,Italy,325.0,0.6794,CONCENTRATED,1.0,testjc39,Governments' climate action likelihood,How likely do you think it is that governments in enough countries will take action to reduce climate change?,contemporary_issues,0.32426,0.03252
ess_wave_11,testji4,Likelihood energy limits reduce climate change,"If large numbers of people limited their energy use, how likely is it that this would reduce climate change?",contemporary_issues,Italy,325.0,0.6794,CONCENTRATED,2.0,ccrdprs,Personal responsibility for climate change,How much personal responsibility do you feel for reducing climate change?,contemporary_issues,0.00838,0.00228
ess_wave_11,testji4,Likelihood energy limits reduce climate change,"If large numbers of people limited their energy use, how likely is it that this would reduce climate change?",contemporary_issues,Italy,325.0,0.6794,CONCENTRATED,3.0,inprdsc,Number of confidants,How many people can you discuss intimate or personal matters with?,social_attitudes,0.00558,0.00259
ess_wave_11,testji4,Likelihood energy limits reduce climate change,"If large numbers of people limited their energy use, how likely is it that this would reduce climate change?",contemporary_issues,Italy,325.0,0.6794,CONCENTRATED,4.0,height,Respondent's height (cm),"How tall are you without shoes, in centimeters?",demographics,0.00419,0.00292
ess_wave_11,testji4,Likelihood energy limits reduce climate change,"If large numbers of people limited their energy use, how likely is it that this would reduce climate change?",contemporary_issues,Italy,325.0,0.6794,CONCENTRATED,5.0,cldgng,Difficulty getting going,"In the past week, how often did you feel you couldn't get going?",wellbeing,0.00349,0.00123
ess_wave_11,testji4,Likelihood energy limits reduce climate change,"If large numbers of people limited their energy use, how likely is it that this would reduce climate change?",contemporary_issues,Italy,325.0,0.6794,CONCENTRATED,6.0,prtclfit,Party closeness (Italy),"Which political party in Italy do you feel closest to, if any?",political_participation,0.00314,0.00191
ess_wave_11,testji4,Likelihood energy limits reduce climate change,"If large numbers of people limited their energy use, how likely is it that this would reduce climate change?",contemporary_issues,Italy,325.0,0.6794,CONCENTRATED,7.0,wrclmch,Worry about climate change,How worried are you about climate change?,contemporary_issues,0.00314,0.00336
ess_wave_11,testji4,Likelihood energy limits reduce climate change,"If large numbers of people limited their energy use, how likely is it that this would reduce climate change?",contemporary_issues,Italy,325.0,0.6794,CONCENTRATED,8.0,pray,Frequency of prayer,"Besides when you're at religious services, how often do you pray, if at all?",values_identity,0.00279,0.00096
ess_wave_11,testji4,Likelihood energy limits reduce climate change,"If large numbers of people limited their energy use, how likely is it that this would reduce climate change?",contemporary_issues,Italy,325.0,0.6794,CONCENTRATED,9.0,ipudrsta,Importance of understanding others,"How much does this statement describe you: ""It is important to me to listen to people who are different from me; even when I disagree with them, I still want to understand them""?",values_identity,0.00279,0.00096
ess_wave_11,testji4,Likelihood energy limits reduce climate change,"If large numbers of people limited their energy use, how likely is it that this would reduce climate change?",contemporary_issues,Italy,325.0,0.6794,CONCENTRATED,10.0,wlespdm,Perceived gender pay gap,How often are women paid less than men for the same work in this country?,social_attitudes,0.00244,0.00096
ess_wave_11,stfgov,Satisfaction with national government,How satisfied are you with the way the national government is doing its job?,institutional_trust,Austria,341.0,0.1674,,1.0,stfdem,Satisfaction with democracy,"Overall, how satisfied are you with the way democracy works in this country?",political_attitudes,0.05075,0.0097
ess_wave_11,stfgov,Satisfaction with national government,How satisfied are you with the way the national government is doing its job?,institutional_trust,Austria,341.0,0.1674,,2.0,stfeco,Satisfaction with economy,How satisfied are you with the current state of the economy in this country?,political_attitudes,0.03284,0.00717
ess_wave_11,stfgov,Satisfaction with national government,How satisfied are you with the way the national government is doing its job?,institutional_trust,Austria,341.0,0.1674,,3.0,trstplt,Trust in politicians,How much do you personally trust politicians?,institutional_trust,0.0162,0.01093
ess_wave_11,stfgov,Satisfaction with national government,How satisfied are you with the way the national government is doing its job?,institutional_trust,Austria,341.0,0.1674,,4.0,imwbcnt,Effect of immigrants,"Overall, do people who come to live in this country make it a better or worse place to live?",social_attitudes,0.01279,0.01011
ess_wave_11,stfgov,Satisfaction with national government,How satisfied are you with the way the national government is doing its job?,institutional_trust,Austria,341.0,0.1674,,5.0,liklead,Desire to lead,"How well does the statement ""I like to be a leader"" describe you?",values_identity,0.01237,0.00831
ess_wave_11,stfgov,Satisfaction with national government,How satisfied are you with the way the national government is doing its job?,institutional_trust,Austria,341.0,0.1674,,6.0,hltprbn,Back or neck pain,Have you experienced back or neck pain in the past 12 months?,wellbeing,0.01151,0.00467
ess_wave_11,stfgov,Satisfaction with national government,How satisfied are you with the way the national government is doing its job?,institutional_trust,Austria,341.0,0.1674,,7.0,trstprl,Trust in parliament,How much do you personally trust your country's parliament?,institutional_trust,0.01066,0.00866
ess_wave_11,stfgov,Satisfaction with national government,How satisfied are you with the way the national government is doing its job?,institutional_trust,Austria,341.0,0.1674,,8.0,rtrd,Retired (last 7 days),Were you retired in the past seven days?,demographics,0.01066,0.00337
ess_wave_11,stfgov,Satisfaction with national government,How satisfied are you with the way the national government is doing its job?,institutional_trust,Austria,341.0,0.1674,,9.0,gndr,Respondent's gender,What is your gender?,demographics,0.00938,0.00323
ess_wave_11,stfgov,Satisfaction with national government,How satisfied are you with the way the national government is doing its job?,institutional_trust,Austria,341.0,0.1674,,10.0,eqpolbg,Impact of gender parity,"In general, how good or bad would it be for politics in this country if women and men were equally represented in political leadership?",social_attitudes,0.00938,0.00243
ess_wave_11,stfgov,Satisfaction with national government,How satisfied are you with the way the national government is doing its job?,institutional_trust,France,345.0,0.179,,1.0,stfdem,Satisfaction with democracy,"Overall, how satisfied are you with the way democracy works in this country?",political_attitudes,0.07252,0.02263
ess_wave_11,stfgov,Satisfaction with national government,How satisfied are you with the way the national government is doing its job?,institutional_trust,France,345.0,0.179,,2.0,stfeco,Satisfaction with economy,How satisfied are you with the current state of the economy in this country?,political_attitudes,0.05779,0.01507
ess_wave_11,stfgov,Satisfaction with national government,How satisfied are you with the way the national government is doing its job?,institutional_trust,France,345.0,0.179,,3.0,trstep,Trust in European Parliament,How much do you personally trust the European Parliament?,institutional_trust,0.01926,0.0132
ess_wave_11,stfgov,Satisfaction with national government,How satisfied are you with the way the national government is doing its job?,institutional_trust,France,345.0,0.179,,4.0,pplhlp,Perceived helpfulness of people,"Would you say that most of the time people try to be helpful, or are they mostly looking out for themselves?",social_attitudes,0.01643,0.00859
ess_wave_11,stfgov,Satisfaction with national government,How satisfied are you with the way the national government is doing its job?,institutional_trust,France,345.0,0.179,,5.0,ccnthum,Cause of climate change,"Do you think climate change is caused entirely or mainly by natural processes, entirely or mainly by human activity, or about equally by both?",contemporary_issues,0.0153,0.00253
ess_wave_11,stfgov,Satisfaction with national government,How satisfied are you with the way the national government is doing its job?,institutional_trust,France,345.0,0.179,,6.0,nwspol,Time spent on political news,"On a typical day, about how much time do you spend watching, reading, or listening to news about politics and current affairs?",contemporary_issues,0.01416,0.00664
ess_wave_11,stfgov,Satisfaction with national government,How satisfied are you with the way the national government is doing its job?,institutional_trust,France,345.0,0.179,,7.0,nacer2,Industry (NACE Rev.2),What does or did the firm or organisation you work or worked for mainly make or do?,demographics,0.01303,0.0084
ess_wave_11,stfgov,Satisfaction with national government,How satisfied are you with the way the national government is doing its job?,institutional_trust,France,345.0,0.179,,8.0,jbexevh,Job exposure: very hot temperatures,Have you ever been exposed to very hot temperatures in any job?,demographics,0.01246,0.0038
ess_wave_11,stfgov,Satisfaction with national government,How satisfied are you with the way the national government is doing its job?,institutional_trust,France,345.0,0.179,,9.0,hltprbn,Back or neck pain,Have you experienced back or neck pain in the past 12 months?,wellbeing,0.01246,0.0043
ess_wave_11,stfgov,Satisfaction with national government,How satisfied are you with the way the national government is doing its job?,institutional_trust,France,345.0,0.179,,10.0,ipfrulea,Rule-following tendency,"How much does this description sound like you: ""You believe people should do what they're told and follow rules at all times, even when no one is watching""?",values_identity,0.01133,0.002
ess_wave_11,stfgov,Satisfaction with national government,How satisfied are you with the way the national government is doing its job?,institutional_trust,Italy,339.0,0.1634,,1.0,stfdem,Satisfaction with democracy,"Overall, how satisfied are you with the way democracy works in this country?",political_attitudes,0.07566,0.00683
ess_wave_11,stfgov,Satisfaction with national government,How satisfied are you with the way the national government is doing its job?,institutional_trust,Italy,339.0,0.1634,,2.0,stfeco,Satisfaction with economy,How satisfied are you with the current state of the economy in this country?,political_attitudes,0.0697,0.01171
ess_wave_11,stfgov,Satisfaction with national government,How satisfied are you with the way the national government is doing its job?,institutional_trust,Italy,339.0,0.1634,,3.0,lrscale,Left-right political placement,"Where would you place yourself on the political spectrum, from 'far left' to 'far right'?",political_attitudes,0.01471,0.00505
ess_wave_11,stfgov,Satisfaction with national government,How satisfied are you with the way the national government is doing its job?,institutional_trust,Italy,339.0,0.1634,,4.0,impfuna,Importance of seeking fun,"How well does this statement describe you: ""I seek every chance to have fun and it's important to me to do things that give me pleasure""?",values_identity,0.00771,0.00235
ess_wave_11,stfgov,Satisfaction with national government,How satisfied are you with the way the national government is doing its job?,institutional_trust,Italy,339.0,0.1634,,5.0,jbexpmc,Exposure to heavy loads,"In any job you've ever had, did you have to manually carry or move heavy loads?",demographics,0.00701,0.00214
ess_wave_11,stfgov,Satisfaction with national government,How satisfied are you with the way the national government is doing its job?,institutional_trust,Italy,339.0,0.1634,,6.0,pplhlp,Perceived helpfulness of people,"Would you say that most of the time people try to be helpful, or are they mostly looking out for themselves?",social_attitudes,0.0056,0.00313
ess_wave_11,stfgov,Satisfaction with national government,How satisfied are you with the way the national government is doing its job?,institutional_trust,Italy,339.0,0.1634,,7.0,fltlnl,Frequency of feeling lonely,"In the past week, how often did you feel lonely?",wellbeing,0.0056,0.00228
ess_wave_11,stfgov,Satisfaction with national government,How satisfied are you with the way the national government is doing its job?,institutional_trust,Italy,339.0,0.1634,,8.0,euftf,Preference for EU integration,"To what extent do you think European unification should go further, is about right as it is, or has already gone too far?",political_attitudes,0.0049,0.01017
ess_wave_11,stfgov,Satisfaction with national government,How satisfied are you with the way the national government is doing its job?,institutional_trust,Italy,339.0,0.1634,,9.0,aesfdrk,Safety walking after dark,How safe would you feel walking alone in your local area after dark?,wellbeing,0.00455,0.00639
ess_wave_11,stfgov,Satisfaction with national government,How satisfied are you with the way the national government is doing its job?,institutional_trust,Italy,339.0,0.1634,,10.0,sclact,Social activity participation,"Compared with other people your age, how often do you take part in social activities?",social_attitudes,0.00455,0.00157
latinobarometer,SEXO,Sex of the respondent,What is your sex?,demographics,Argentina,182.0,0.52,,1.0,P37WVSSTCS.D,Belief that men are better political leaders,Do you agree or disagree that men are better political leaders than women?,social_attitudes,0.03667,0.01394
latinobarometer,SEXO,Sex of the respondent,What is your sex?,demographics,Argentina,182.0,0.52,,2.0,S9,Household head and main income contributor,Are you the main contributor to your family's income or the head of the household?,demographics,0.03333,0.0135
latinobarometer,SEXO,Sex of the respondent,What is your sex?,demographics,Argentina,182.0,0.52,,3.0,P59ST,Frequency of worry about becoming a victim of violent crime,"How often, if at all, do you worry about becoming a victim of violent crime?",wellbeing,0.0225,0.01576
latinobarometer,SEXO,Sex of the respondent,What is your sex?,demographics,Argentina,182.0,0.52,,4.0,P23ST.B,Opinion of Russia,What is your overall opinion of Russia?,political_attitudes,0.01667,0.0051
latinobarometer,SEXO,Sex of the respondent,What is your sex?,demographics,Argentina,182.0,0.52,,5.0,S2,Self-identified social class,People sometimes describe themselves as belonging to a social class. Which class would you say you belong to?,demographics,0.01333,0.00543
latinobarometer,SEXO,Sex of the respondent,What is your sex?,demographics,Argentina,182.0,0.52,,6.0,P62N.16,Evaluation of Luiz Inácio Lula da Silva,How would you rate Luiz Inácio Lula da Silva (Lula) overall?,political_attitudes,0.01333,0.00543
latinobarometer,SEXO,Sex of the respondent,What is your sex?,demographics,Argentina,182.0,0.52,,7.0,S5,Household financial sufficiency,Does your salary and total family income allow you to cover your needs in a satisfactory manner?,wellbeing,0.0125,0.00417
latinobarometer,SEXO,Sex of the respondent,What is your sex?,demographics,Argentina,182.0,0.52,,8.0,S6,Receiving government support or benefits,Are you or someone in your family receiving support or benefits from the government?,demographics,0.0125,0.01473
latinobarometer,SEXO,Sex of the respondent,What is your sex?,demographics,Argentina,182.0,0.52,,9.0,P23ST.F,Opinion of Venezuela,What is your overall opinion of Venezuela?,political_attitudes,0.0125,0.00295
latinobarometer,SEXO,Sex of the respondent,What is your sex?,demographics,Argentina,182.0,0.52,,10.0,P54ST.B,Belief in the market economy as the path to development,Do you agree or disagree that a market economy is the only way your country can achieve development?,political_attitudes,0.0125,0.00833
latinobarometer,SEXO,Sex of the respondent,What is your sex?,demographics,Colombia,193.0,0.5258,,1.0,S18.A,Current employment situation,What is your current employment situation?,demographics,0.0325,0.03637
latinobarometer,SEXO,Sex of the respondent,What is your sex?,demographics,Colombia,193.0,0.5258,,2.0,P62N.12,Evaluation of Daniel Ortega,How would you rate Daniel Ortega overall?,political_attitudes,0.0275,0.00757
latinobarometer,SEXO,Sex of the respondent,What is your sex?,demographics,Colombia,193.0,0.5258,,3.0,P30INN.D,Perception of gender inequality in business,Do you agree or disagree that men have a considerable advantage over women when starting a business?,social_attitudes,0.02083,0.00295
latinobarometer,SEXO,Sex of the respondent,What is your sex?,demographics,Colombia,193.0,0.5258,,4.0,P62N.14,Evaluation of Vladimir Putin,How would you rate Vladimir Putin overall?,political_attitudes,0.01917,0.00913
latinobarometer,SEXO,Sex of the respondent,What is your sex?,demographics,Colombia,193.0,0.5258,,5.0,S20.A,Separate bedroom for parents and children,Does your household have a separate bedroom for parents and children?,wellbeing,0.0125,0.0051
latinobarometer,SEXO,Sex of the respondent,What is your sex?,demographics,Colombia,193.0,0.5258,,6.0,P37STCS.E,Belief that a woman earning more than a man causes trouble,"Do you agree or disagree that when a woman earns more than a man, it almost certainly causes problems?",social_attitudes,0.0125,0.01215
latinobarometer,SEXO,Sex of the respondent,What is your sex?,demographics,Colombia,193.0,0.5258,,7.0,P37WVSSTCS.D,Belief that men are better political leaders,Do you agree or disagree that men are better political leaders than women?,social_attitudes,0.01167,0.00349
latinobarometer,SEXO,Sex of the respondent,What is your sex?,demographics,Colombia,193.0,0.5258,,8.0,P5STGBS,Perception of the country's current economic situation,How would you describe the country's current economic situation?,political_attitudes,0.01083,0.00373
latinobarometer,SEXO,Sex of the respondent,What is your sex?,demographics,Colombia,193.0,0.5258,,9.0,P26SDN.E,Perception of China as a political model,How much do you think China provides a good political model for your country?,political_attitudes,0.01083,0.00475
latinobarometer,SEXO,Sex of the respondent,What is your sex?,demographics,Colombia,193.0,0.5258,,10.0,P41ST.F,Perceived gender equality,To what extent do you think equality between men and women is guaranteed in your country?,political_attitudes,0.01083,0.01003
latinobarometer,SEXO,Sex of the respondent,What is your sex?,demographics,Guatemala,193.0,0.53,,1.0,S9,Household head and main income contributor,Are you the main contributor to your family's income or the head of the household?,demographics,0.05,0.02151
latinobarometer,SEXO,Sex of the respondent,What is your sex?,demographics,Guatemala,193.0,0.53,,2.0,S4,Concern about unemployment in the next 12 months,"How concerned are you that you will be left without work or become unemployed in the next 12 months, or do you not currently have a job?",wellbeing,0.03,0.01
latinobarometer,SEXO,Sex of the respondent,What is your sex?,demographics,Guatemala,193.0,0.53,,3.0,P50ST,Channels for expressing opinions on national problems,"Where do you usually express your opinions about national problems, or do you not usually express them?",political_participation,0.026,0.00418
latinobarometer,SEXO,Sex of the respondent,What is your sex?,demographics,Guatemala,193.0,0.53,,4.0,S18.A,Current employment situation,What is your current employment situation?,demographics,0.026,0.00652
latinobarometer,SEXO,Sex of the respondent,What is your sex?,demographics,Guatemala,193.0,0.53,,5.0,P37WVSCS.H,Belief that same-sex couples are equally good parents,Do you agree or disagree that homosexual couples are just as good parents as heterosexual couples?,social_attitudes,0.023,0.00837
latinobarometer,SEXO,Sex of the respondent,What is your sex?,demographics,Guatemala,193.0,0.53,,6.0,P4STGBS,Most important problem facing the country,What do you think is the most important problem currently facing the country?,political_attitudes,0.02,0.01275
latinobarometer,SEXO,Sex of the respondent,What is your sex?,demographics,Guatemala,193.0,0.53,,7.0,S1A,Level of religious devotion,How would you describe your level of religious devotion?,values_identity,0.016,0.00822
latinobarometer,SEXO,Sex of the respondent,What is your sex?,demographics,Guatemala,193.0,0.53,,8.0,P26SDN.B,Perception of Chinese interference,How much do you think China interferes in your country's internal affairs?,political_attitudes,0.016,0.01387
latinobarometer,SEXO,Sex of the respondent,What is your sex?,demographics,Guatemala,193.0,0.53,,9.0,S5,Household financial sufficiency,Does your salary and total family income allow you to cover your needs in a satisfactory manner?,wellbeing,0.015,0.005
latinobarometer,SEXO,Sex of the respondent,What is your sex?,demographics,Guatemala,193.0,0.53,,10.0,P10STGBS,Attitudes toward democracy and alternative regimes,What is your general attitude toward democracy compared to other forms of government?,political_attitudes,0.012,0.00758
latinobarometer,S20.A,Separate bedroom for parents and children,Does your household have a separate bedroom for parents and children?,wellbeing,Argentina,182.0,0.8632,SKEWED WEAK_SIGNAL,1.0,P36ST,Priority between climate action and economic growth,Which of the following comes closer to your view about national priorities?,political_attitudes,0.00591,0.00377
latinobarometer,S20.A,Separate bedroom for parents and children,Does your household have a separate bedroom for parents and children?,wellbeing,Argentina,182.0,0.8632,SKEWED WEAK_SIGNAL,2.0,P30INN.B,Environmental sustainability and economic growth,Do you agree or disagree that it is possible to care for the environment and also have economic growth?,contemporary_issues,0.00591,0.00231
latinobarometer,S20.A,Separate bedroom for parents and children,Does your household have a separate bedroom for parents and children?,wellbeing,Argentina,182.0,0.8632,SKEWED WEAK_SIGNAL,3.0,P11STGBS.B,Satisfaction with the economy,How satisfied are you with the current state of the economy in your country?,political_attitudes,0.00422,0.0
latinobarometer,S20.A,Separate bedroom for parents and children,Does your household have a separate bedroom for parents and children?,wellbeing,Argentina,182.0,0.8632,SKEWED WEAK_SIGNAL,4.0,P22ST,Justifiability of tax evasion,To what extent do you think it is justifiable or unjustifiable to evade paying taxes?,values_identity,0.00338,0.0055
latinobarometer,S20.A,Separate bedroom for parents and children,Does your household have a separate bedroom for parents and children?,wellbeing,Argentina,182.0,0.8632,SKEWED WEAK_SIGNAL,5.0,P10STGBS,Attitudes toward democracy and alternative regimes,What is your general attitude toward democracy compared to other forms of government?,political_attitudes,0.00338,0.00353
latinobarometer,S20.A,Separate bedroom for parents and children,Does your household have a separate bedroom for parents and children?,wellbeing,Argentina,182.0,0.8632,SKEWED WEAK_SIGNAL,6.0,REG,Region / Province,Which region do you live in?,demographics,0.00338,0.00189
latinobarometer,S20.A,Separate bedroom for parents and children,Does your household have a separate bedroom for parents and children?,wellbeing,Argentina,182.0,0.8632,SKEWED WEAK_SIGNAL,7.0,P55N,Frequency of digital payments,"Thinking about your purchases and payments, how many are digital (credit card, debit card, QR codes, etc.)?",contemporary_issues,0.00338,0.00189
latinobarometer,S20.A,Separate bedroom for parents and children,Does your household have a separate bedroom for parents and children?,wellbeing,Argentina,182.0,0.8632,SKEWED WEAK_SIGNAL,8.0,P62ST.7,Evaluation of Pope Francis,How would you rate Pope Francis overall?,political_attitudes,0.00338,0.00189
latinobarometer,S20.A,Separate bedroom for parents and children,Does your household have a separate bedroom for parents and children?,wellbeing,Argentina,182.0,0.8632,SKEWED WEAK_SIGNAL,9.0,P62N.14,Evaluation of Vladimir Putin,How would you rate Vladimir Putin overall?,political_attitudes,0.00338,0.00189
latinobarometer,S20.A,Separate bedroom for parents and children,Does your household have a separate bedroom for parents and children?,wellbeing,Argentina,182.0,0.8632,SKEWED WEAK_SIGNAL,10.0,P46N,Views on freedom of expression vs. fake news control,"Do you think it is more important to protect freedom of expression even if it allows fake news, or to control fake news even if it limits freedom of expression?",political_attitudes,0.00338,0.00189
latinobarometer,S20.A,Separate bedroom for parents and children,Does your household have a separate bedroom for parents and children?,wellbeing,Colombia,193.0,0.6246,,1.0,S20.B,Ownership of house,Do you or your family own your home?,wellbeing,0.09664,0.00786
latinobarometer,S20.A,Separate bedroom for parents and children,Does your household have a separate bedroom for parents and children?,wellbeing,Colombia,193.0,0.6246,,2.0,P37CSN.A,Support for adoption rights for same-sex couples,Do you agree or disagree that same-sex couples should be allowed to adopt children?,social_attitudes,0.02689,0.00871
latinobarometer,S20.A,Separate bedroom for parents and children,Does your household have a separate bedroom for parents and children?,wellbeing,Colombia,193.0,0.6246,,3.0,P56N.C,Preference for electronic payments over cash,"Do you agree or disagree that if you can choose, you prefer to pay electronically instead of using cash?",contemporary_issues,0.01513,0.00637
latinobarometer,S20.A,Separate bedroom for parents and children,Does your household have a separate bedroom for parents and children?,wellbeing,Colombia,193.0,0.6246,,4.0,P62N.15,Evaluation of Volodymyr Zelensky,How would you rate Volodymyr Zelensky overall?,political_attitudes,0.01513,0.0121
latinobarometer,S20.A,Separate bedroom for parents and children,Does your household have a separate bedroom for parents and children?,wellbeing,Colombia,193.0,0.6246,,5.0,P29STIN.B,Support for integration with non–Latin American countries,Do you support or oppose your country's integration with countries outside Latin America?,political_attitudes,0.01429,0.01012
latinobarometer,S20.A,Separate bedroom for parents and children,Does your household have a separate bedroom for parents and children?,wellbeing,Colombia,193.0,0.6246,,6.0,P30INN.B,Environmental sustainability and economic growth,Do you agree or disagree that it is possible to care for the environment and also have economic growth?,contemporary_issues,0.01429,0.00564
latinobarometer,S20.A,Separate bedroom for parents and children,Does your household have a separate bedroom for parents and children?,wellbeing,Colombia,193.0,0.6246,,7.0,P45S.B,Participation in authorized demonstrations,"Have you ever taken part in an authorized demonstration, would you do it, or would you never do it?",political_participation,0.01429,0.00637
latinobarometer,S20.A,Separate bedroom for parents and children,Does your household have a separate bedroom for parents and children?,wellbeing,Colombia,193.0,0.6246,,8.0,S12,Parents' highest level of education completed,What is the highest level of education either of your parents completed?,demographics,0.01176,0.0069
latinobarometer,S20.A,Separate bedroom for parents and children,Does your household have a separate bedroom for parents and children?,wellbeing,Colombia,193.0,0.6246,,9.0,P37WVSCS.G,Belief that men should have job priority during scarcity,"Do you agree or disagree that when jobs are scarce, men should have more right to a job than women?",social_attitudes,0.01092,0.00376
latinobarometer,S20.A,Separate bedroom for parents and children,Does your household have a separate bedroom for parents and children?,wellbeing,Colombia,193.0,0.6246,,10.0,P37CSN.B,Support for same-sex marriage,Do you agree or disagree that marriage between people of the same sex should be allowed?,social_attitudes,0.01008,0.00479
latinobarometer,S20.A,Separate bedroom for parents and children,Does your household have a separate bedroom for parents and children?,wellbeing,Guatemala,194.0,0.6543,,1.0,S20.B,Ownership of house,Do you or your family own your home?,wellbeing,0.02814,0.02264
latinobarometer,S20.A,Separate bedroom for parents and children,Does your household have a separate bedroom for parents and children?,wellbeing,Guatemala,194.0,0.6543,,2.0,S5,Household financial sufficiency,Does your salary and total family income allow you to cover your needs in a satisfactory manner?,wellbeing,0.02211,0.00449
latinobarometer,S20.A,Separate bedroom for parents and children,Does your household have a separate bedroom for parents and children?,wellbeing,Guatemala,194.0,0.6543,,3.0,P23ST.B,Opinion of Russia,What is your overall opinion of Russia?,political_attitudes,0.01809,0.00573
latinobarometer,S20.A,Separate bedroom for parents and children,Does your household have a separate bedroom for parents and children?,wellbeing,Guatemala,194.0,0.6543,,4.0,P23ST.D,Opinion of the European Union,What is your overall opinion of the European Union?,political_attitudes,0.01709,0.0098
latinobarometer,S20.A,Separate bedroom for parents and children,Does your household have a separate bedroom for parents and children?,wellbeing,Guatemala,194.0,0.6543,,5.0,P16ST,Self-placement on left-right political scale,"In politics, people often talk about 'left' and 'right'. Where would you place yourself on this scale?",political_attitudes,0.01508,0.00711
latinobarometer,S20.A,Separate bedroom for parents and children,Does your household have a separate bedroom for parents and children?,wellbeing,Guatemala,194.0,0.6543,,6.0,P50ST,Channels for expressing opinions on national problems,"Where do you usually express your opinions about national problems, or do you not usually express them?",political_participation,0.01508,0.00795
latinobarometer,S20.A,Separate bedroom for parents and children,Does your household have a separate bedroom for parents and children?,wellbeing,Guatemala,194.0,0.6543,,7.0,S1A,Level of religious devotion,How would you describe your level of religious devotion?,values_identity,0.01407,0.01089
latinobarometer,S20.A,Separate bedroom for parents and children,Does your household have a separate bedroom for parents and children?,wellbeing,Guatemala,194.0,0.6543,,8.0,S20.E,Ownership of car,Do you or your family have a car?,wellbeing,0.01206,0.00573
latinobarometer,S20.A,Separate bedroom for parents and children,Does your household have a separate bedroom for parents and children?,wellbeing,Guatemala,194.0,0.6543,,9.0,P29STIN.A,Support for integration with Latin American countries,Do you support or oppose your country's integration with other countries in Latin America?,political_attitudes,0.01206,0.00573
latinobarometer,S20.A,Separate bedroom for parents and children,Does your household have a separate bedroom for parents and children?,wellbeing,Guatemala,194.0,0.6543,,10.0,S4,Concern about unemployment in the next 12 months,"How concerned are you that you will be left without work or become unemployed in the next 12 months, or do you not currently have a job?",wellbeing,0.01206,0.00841
latinobarometer,P8STGBS,Expectations for personal and family economic situation in the next 12 months,"Over the next 12 months, how do you expect your and your family's economic situation to change compared to now?",political_attitudes,Argentina,182.0,0.3927,,1.0,P7ST,Expectations for the country's economic situation in the next 12 months,"Over the next 12 months, how do you expect the country's economic situation to change compared to now?",political_attitudes,0.18957,0.03445
latinobarometer,P8STGBS,Expectations for personal and family economic situation in the next 12 months,"Over the next 12 months, how do you expect your and your family's economic situation to change compared to now?",political_attitudes,Argentina,182.0,0.3927,,2.0,P18N.E,Support for judicial independence,Do you agree or disagree that the judiciary must be independent from the executive power?,political_attitudes,0.01391,0.00476
latinobarometer,P8STGBS,Expectations for personal and family economic situation in the next 12 months,"Over the next 12 months, how do you expect your and your family's economic situation to change compared to now?",political_attitudes,Argentina,182.0,0.3927,,3.0,P33N.C,Perception of immigrants and crime rates,Do you agree or disagree that immigrants increase crime rates?,social_attitudes,0.01391,0.00567
latinobarometer,P8STGBS,Expectations for personal and family economic situation in the next 12 months,"Over the next 12 months, how do you expect your and your family's economic situation to change compared to now?",political_attitudes,Argentina,182.0,0.3927,,4.0,P34WVSNB,Second most important national priority,Which of the following do you think is the second most important priority for the country?,political_attitudes,0.01391,0.01038
latinobarometer,P8STGBS,Expectations for personal and family economic situation in the next 12 months,"Over the next 12 months, how do you expect your and your family's economic situation to change compared to now?",political_attitudes,Argentina,182.0,0.3927,,5.0,P6STGBS,Change in the country's economic situation over the past 12 months,"Compared to 12 months ago, how would you describe the country's current economic situation?",political_attitudes,0.01217,0.01422
latinobarometer,P8STGBS,Expectations for personal and family economic situation in the next 12 months,"Over the next 12 months, how do you expect your and your family's economic situation to change compared to now?",political_attitudes,Argentina,182.0,0.3927,,6.0,EDAD,Age,How old are you?,demographics,0.01217,0.01125
latinobarometer,P8STGBS,Expectations for personal and family economic situation in the next 12 months,"Over the next 12 months, how do you expect your and your family's economic situation to change compared to now?",political_attitudes,Argentina,182.0,0.3927,,7.0,P29STIN.A,Support for integration with Latin American countries,Do you support or oppose your country's integration with other countries in Latin America?,political_attitudes,0.01043,0.01175
latinobarometer,P8STGBS,Expectations for personal and family economic situation in the next 12 months,"Over the next 12 months, how do you expect your and your family's economic situation to change compared to now?",political_attitudes,Argentina,182.0,0.3927,,8.0,P60ST,Perceived progress in reducing corruption,"In the last two years, how much progress has been made in reducing corruption in state institutions?",institutional_trust,0.00957,0.01282
latinobarometer,P8STGBS,Expectations for personal and family economic situation in the next 12 months,"Over the next 12 months, how do you expect your and your family's economic situation to change compared to now?",political_attitudes,Argentina,182.0,0.3927,,9.0,P13ST.F,Trust in the Judiciary,How much trust do you have in the Judiciary?,institutional_trust,0.00957,0.00567
latinobarometer,P8STGBS,Expectations for personal and family economic situation in the next 12 months,"Over the next 12 months, how do you expect your and your family's economic situation to change compared to now?",political_attitudes,Argentina,182.0,0.3927,,10.0,P41ST.K,Perceived guarantee of social security,To what extent do you think social security is guaranteed in your country?,political_attitudes,0.0087,0.00687
latinobarometer,P8STGBS,Expectations for personal and family economic situation in the next 12 months,"Over the next 12 months, how do you expect your and your family's economic situation to change compared to now?",political_attitudes,Colombia,193.0,0.3055,,1.0,P7ST,Expectations for the country's economic situation in the next 12 months,"Over the next 12 months, how do you expect the country's economic situation to change compared to now?",political_attitudes,0.08596,0.01686
latinobarometer,P8STGBS,Expectations for personal and family economic situation in the next 12 months,"Over the next 12 months, how do you expect your and your family's economic situation to change compared to now?",political_attitudes,Colombia,193.0,0.3055,,2.0,P23ST.C,Opinion of China,What is your overall opinion of China?,political_attitudes,0.01872,0.01025
latinobarometer,P8STGBS,Expectations for personal and family economic situation in the next 12 months,"Over the next 12 months, how do you expect your and your family's economic situation to change compared to now?",political_attitudes,Colombia,193.0,0.3055,,3.0,P26SDN.A,Perception of China as a reliable partner,How much do you think China is a reliable partner for your country?,political_attitudes,0.01617,0.00466
latinobarometer,P8STGBS,Expectations for personal and family economic situation in the next 12 months,"Over the next 12 months, how do you expect your and your family's economic situation to change compared to now?",political_attitudes,Colombia,193.0,0.3055,,4.0,P62N.6,Evaluation of Gabriel Boric,How would you rate Gabriel Boric overall?,political_attitudes,0.01617,0.00466
latinobarometer,P8STGBS,Expectations for personal and family economic situation in the next 12 months,"Over the next 12 months, how do you expect your and your family's economic situation to change compared to now?",political_attitudes,Colombia,193.0,0.3055,,5.0,P4STGBS,Most important problem facing the country,What do you think is the most important problem currently facing the country?,political_attitudes,0.01277,0.00521
latinobarometer,P8STGBS,Expectations for personal and family economic situation in the next 12 months,"Over the next 12 months, how do you expect your and your family's economic situation to change compared to now?",political_attitudes,Colombia,193.0,0.3055,,6.0,P34WVSNA,Most important national priority,Which of the following do you think is the most important priority for the country?,political_attitudes,0.01191,0.00555
latinobarometer,P8STGBS,Expectations for personal and family economic situation in the next 12 months,"Over the next 12 months, how do you expect your and your family's economic situation to change compared to now?",political_attitudes,Colombia,193.0,0.3055,,7.0,P62N.1,Evaluation of Gustavo Petro,How would you rate Gustavo Petro overall?,political_attitudes,0.01191,0.00466
latinobarometer,P8STGBS,Expectations for personal and family economic situation in the next 12 months,"Over the next 12 months, how do you expect your and your family's economic situation to change compared to now?",political_attitudes,Colombia,193.0,0.3055,,8.0,P24ST.D,Bilateral relations: Country and the European Union,How would you rate the relationship between your country and the European Union?,political_attitudes,0.01106,0.00645
latinobarometer,P8STGBS,Expectations for personal and family economic situation in the next 12 months,"Over the next 12 months, how do you expect your and your family's economic situation to change compared to now?",political_attitudes,Colombia,193.0,0.3055,,9.0,SEXO,Sex of the respondent,What is your sex?,demographics,0.01106,0.0083
latinobarometer,P8STGBS,Expectations for personal and family economic situation in the next 12 months,"Over the next 12 months, how do you expect your and your family's economic situation to change compared to now?",political_attitudes,Colombia,193.0,0.3055,,10.0,P37CSN.F,Support for legal recognition of gender change on ID documents,Do you agree or disagree that a person's gender change should be legally recognized on identity documents?,social_attitudes,0.00936,0.00466
latinobarometer,P8STGBS,Expectations for personal and family economic situation in the next 12 months,"Over the next 12 months, how do you expect your and your family's economic situation to change compared to now?",political_attitudes,Guatemala,194.0,0.3738,,1.0,P7ST,Expectations for the country's economic situation in the next 12 months,"Over the next 12 months, how do you expect the country's economic situation to change compared to now?",political_attitudes,0.33927,0.02602
latinobarometer,P8STGBS,Expectations for personal and family economic situation in the next 12 months,"Over the next 12 months, how do you expect your and your family's economic situation to change compared to now?",political_attitudes,Guatemala,194.0,0.3738,,2.0,P53N.A,Perceived level of false information in social media,How much false information do you think circulates on social media?,contemporary_issues,0.01466,0.0086
latinobarometer,P8STGBS,Expectations for personal and family economic situation in the next 12 months,"Over the next 12 months, how do you expect your and your family's economic situation to change compared to now?",political_attitudes,Guatemala,194.0,0.3738,,3.0,P41ST.A,Perceived guarantee of political participation,To what extent do you think freedom of political participation is guaranteed in your country?,political_attitudes,0.01361,0.00951
latinobarometer,P8STGBS,Expectations for personal and family economic situation in the next 12 months,"Over the next 12 months, how do you expect your and your family's economic situation to change compared to now?",political_attitudes,Guatemala,194.0,0.3738,,4.0,S1A,Level of religious devotion,How would you describe your level of religious devotion?,values_identity,0.01361,0.00287
latinobarometer,P8STGBS,Expectations for personal and family economic situation in the next 12 months,"Over the next 12 months, how do you expect your and your family's economic situation to change compared to now?",political_attitudes,Guatemala,194.0,0.3738,,5.0,P53N.B,Perceived level of false information on TV,How much false information do you think circulates on TV?,contemporary_issues,0.01257,0.00597
latinobarometer,P8STGBS,Expectations for personal and family economic situation in the next 12 months,"Over the next 12 months, how do you expect your and your family's economic situation to change compared to now?",political_attitudes,Guatemala,194.0,0.3738,,6.0,P26SDN.F,Perception of China as an economic model,How much do you think China provides a good economic model for your country?,political_attitudes,0.01152,0.00438
latinobarometer,P8STGBS,Expectations for personal and family economic situation in the next 12 months,"Over the next 12 months, how do you expect your and your family's economic situation to change compared to now?",political_attitudes,Guatemala,194.0,0.3738,,7.0,P26SDN.C,Perception of China's respect for international commitments,How much do you think China upholds its international commitments?,political_attitudes,0.01047,0.00524
latinobarometer,P8STGBS,Expectations for personal and family economic situation in the next 12 months,"Over the next 12 months, how do you expect your and your family's economic situation to change compared to now?",political_attitudes,Guatemala,194.0,0.3738,,8.0,P41ST.G,Perceived equality of opportunity regardless of origin,To what extent do you think people have equal life chances regardless of their origin in your country?,political_attitudes,0.01047,0.00524
latinobarometer,P8STGBS,Expectations for personal and family economic situation in the next 12 months,"Over the next 12 months, how do you expect your and your family's economic situation to change compared to now?",political_attitudes,Guatemala,194.0,0.3738,,9.0,S2,Self-identified social class,People sometimes describe themselves as belonging to a social class. Which class would you say you belong to?,demographics,0.01047,0.0037
latinobarometer,P8STGBS,Expectations for personal and family economic situation in the next 12 months,"Over the next 12 months, how do you expect your and your family's economic situation to change compared to now?",political_attitudes,Guatemala,194.0,0.3738,,10.0,P62N.17,Evaluation of Joe Biden,How would you rate Joe Biden overall?,political_attitudes,0.01047,0.0037
latinobarometer,P61ST,Perceived acceptability of inequality in the country,How acceptable do you think the current level of inequality is in your country?,values_identity,Argentina,183.0,0.4246,WEAK_SIGNAL,1.0,P14ST.C,Trust in trade unions,How much trust do you have in trade unions?,institutional_trust,0.00862,0.00305
latinobarometer,P61ST,Perceived acceptability of inequality in the country,How acceptable do you think the current level of inequality is in your country?,values_identity,Argentina,183.0,0.4246,WEAK_SIGNAL,2.0,P14ST.B,Trust in national companies,How much trust do you have in national companies?,institutional_trust,0.00776,0.00193
latinobarometer,P61ST,Perceived acceptability of inequality in the country,How acceptable do you think the current level of inequality is in your country?,values_identity,Argentina,183.0,0.4246,WEAK_SIGNAL,3.0,P30INN.D,Perception of gender inequality in business,Do you agree or disagree that men have a considerable advantage over women when starting a business?,social_attitudes,0.00776,0.00193
latinobarometer,P61ST,Perceived acceptability of inequality in the country,How acceptable do you think the current level of inequality is in your country?,values_identity,Argentina,183.0,0.4246,WEAK_SIGNAL,4.0,S9,Household head and main income contributor,Are you the main contributor to your family's income or the head of the household?,demographics,0.00776,0.00193
latinobarometer,P61ST,Perceived acceptability of inequality in the country,How acceptable do you think the current level of inequality is in your country?,values_identity,Argentina,183.0,0.4246,WEAK_SIGNAL,5.0,P41ST.M,Perceived chance to get a job,To what extent do you think people have a fair chance to get a job in your country?,political_attitudes,0.00776,0.00472
latinobarometer,P61ST,Perceived acceptability of inequality in the country,How acceptable do you think the current level of inequality is in your country?,values_identity,Argentina,183.0,0.4246,WEAK_SIGNAL,6.0,P37WVSCS.G,Belief that men should have job priority during scarcity,"Do you agree or disagree that when jobs are scarce, men should have more right to a job than women?",social_attitudes,0.00776,0.00193
latinobarometer,P61ST,Perceived acceptability of inequality in the country,How acceptable do you think the current level of inequality is in your country?,values_identity,Argentina,183.0,0.4246,WEAK_SIGNAL,7.0,P59ST,Frequency of worry about becoming a victim of violent crime,"How often, if at all, do you worry about becoming a victim of violent crime?",wellbeing,0.0069,0.00894
latinobarometer,P61ST,Perceived acceptability of inequality in the country,How acceptable do you think the current level of inequality is in your country?,values_identity,Argentina,183.0,0.4246,WEAK_SIGNAL,8.0,P2ST,Perception of country's direction,What is your opinion on the current direction in which the country is heading?,political_attitudes,0.0069,0.00386
latinobarometer,P61ST,Perceived acceptability of inequality in the country,How acceptable do you think the current level of inequality is in your country?,values_identity,Argentina,183.0,0.4246,WEAK_SIGNAL,9.0,FAMPART,Type of political party supported by respondent's family,What type of political party does the respondent's family support?,political_participation,0.00603,0.00386
latinobarometer,P61ST,Perceived acceptability of inequality in the country,How acceptable do you think the current level of inequality is in your country?,values_identity,Argentina,183.0,0.4246,WEAK_SIGNAL,10.0,P29STIN.B,Support for integration with non–Latin American countries,Do you support or oppose your country's integration with countries outside Latin America?,political_attitudes,0.00603,0.00386
latinobarometer,P61ST,Perceived acceptability of inequality in the country,How acceptable do you think the current level of inequality is in your country?,values_identity,Colombia,193.0,0.2067,,1.0,P41ST.K,Perceived guarantee of social security,To what extent do you think social security is guaranteed in your country?,political_attitudes,0.01538,0.01029
latinobarometer,P61ST,Perceived acceptability of inequality in the country,How acceptable do you think the current level of inequality is in your country?,values_identity,Colombia,193.0,0.2067,,2.0,P41ST.E,Perceived guarantee of fair wealth distribution,To what extent do you think there is a just and fair distribution of wealth in your country?,political_attitudes,0.01282,0.00956
latinobarometer,P61ST,Perceived acceptability of inequality in the country,How acceptable do you think the current level of inequality is in your country?,values_identity,Colombia,193.0,0.2067,,3.0,S12,Parents' highest level of education completed,What is the highest level of education either of your parents completed?,demographics,0.01026,0.00234
latinobarometer,P61ST,Perceived acceptability of inequality in the country,How acceptable do you think the current level of inequality is in your country?,values_identity,Colombia,193.0,0.2067,,4.0,CIUDAD,City,In which city is the interview taking place?,demographics,0.0094,0.00557
latinobarometer,P61ST,Perceived acceptability of inequality in the country,How acceptable do you think the current level of inequality is in your country?,values_identity,Colombia,193.0,0.2067,,5.0,P26SDN.C,Perception of China's respect for international commitments,How much do you think China upholds its international commitments?,political_attitudes,0.0094,0.00358
latinobarometer,P61ST,Perceived acceptability of inequality in the country,How acceptable do you think the current level of inequality is in your country?,values_identity,Colombia,193.0,0.2067,,6.0,P14ST.H,Trust in the printed press,How much trust do you have in the printed press?,institutional_trust,0.00855,0.01002
latinobarometer,P61ST,Perceived acceptability of inequality in the country,How acceptable do you think the current level of inequality is in your country?,values_identity,Colombia,193.0,0.2067,,7.0,S6,Receiving government support or benefits,Are you or someone in your family receiving support or benefits from the government?,demographics,0.00855,0.00427
latinobarometer,P61ST,Perceived acceptability of inequality in the country,How acceptable do you think the current level of inequality is in your country?,values_identity,Colombia,193.0,0.2067,,8.0,P22ST,Justifiability of tax evasion,To what extent do you think it is justifiable or unjustifiable to evade paying taxes?,values_identity,0.00769,0.01331
latinobarometer,P61ST,Perceived acceptability of inequality in the country,How acceptable do you think the current level of inequality is in your country?,values_identity,Colombia,193.0,0.2067,,9.0,S10,Age at which full-time education ended,At what age did you complete your full-time education?,demographics,0.00769,0.00468
latinobarometer,P61ST,Perceived acceptability of inequality in the country,How acceptable do you think the current level of inequality is in your country?,values_identity,Colombia,193.0,0.2067,,10.0,P41ST.J,Perceived guarantee of protection against crime,To what extent do you think people are protected against crime in your country?,political_attitudes,0.00769,0.00634
latinobarometer,P61ST,Perceived acceptability of inequality in the country,How acceptable do you think the current level of inequality is in your country?,values_identity,Guatemala,193.0,0.2096,,1.0,P22ST,Justifiability of tax evasion,To what extent do you think it is justifiable or unjustifiable to evade paying taxes?,values_identity,0.0356,0.01453
latinobarometer,P61ST,Perceived acceptability of inequality in the country,How acceptable do you think the current level of inequality is in your country?,values_identity,Guatemala,193.0,0.2096,,2.0,SEXO,Sex of the respondent,What is your sex?,demographics,0.01361,0.01021
latinobarometer,P61ST,Perceived acceptability of inequality in the country,How acceptable do you think the current level of inequality is in your country?,values_identity,Guatemala,193.0,0.2096,,3.0,P62N.1,Evaluation of Gustavo Petro,How would you rate Gustavo Petro overall?,political_attitudes,0.01257,0.00287
latinobarometer,P61ST,Perceived acceptability of inequality in the country,How acceptable do you think the current level of inequality is in your country?,values_identity,Guatemala,193.0,0.2096,,4.0,S7,Self-identified ethnicity or race,What ethnicity or race do you identify with most closely?,demographics,0.01152,0.00683
latinobarometer,P61ST,Perceived acceptability of inequality in the country,How acceptable do you think the current level of inequality is in your country?,values_identity,Guatemala,193.0,0.2096,,5.0,P14N.I,Trust in social media,How much trust do you have in social media platforms?,institutional_trust,0.00942,0.00438
latinobarometer,P61ST,Perceived acceptability of inequality in the country,How acceptable do you think the current level of inequality is in your country?,values_identity,Guatemala,193.0,0.2096,,6.0,P15STGBS,Approval of the president's leadership,Do you approve or disapprove of the way the current president is leading the country?,institutional_trust,0.00838,0.00702
latinobarometer,P61ST,Perceived acceptability of inequality in the country,How acceptable do you think the current level of inequality is in your country?,values_identity,Guatemala,193.0,0.2096,,7.0,P26SDN.B,Perception of Chinese interference,How much do you think China interferes in your country's internal affairs?,political_attitudes,0.00733,0.00597
latinobarometer,P61ST,Perceived acceptability of inequality in the country,How acceptable do you think the current level of inequality is in your country?,values_identity,Guatemala,193.0,0.2096,,8.0,P53N.B,Perceived level of false information on TV,How much false information do you think circulates on TV?,contemporary_issues,0.00733,0.00287
latinobarometer,P61ST,Perceived acceptability of inequality in the country,How acceptable do you think the current level of inequality is in your country?,values_identity,Guatemala,193.0,0.2096,,9.0,P10STGBS,Attitudes toward democracy and alternative regimes,What is your general attitude toward democracy compared to other forms of government?,political_attitudes,0.00733,0.00951
latinobarometer,P61ST,Perceived acceptability of inequality in the country,How acceptable do you think the current level of inequality is in your country?,values_identity,Guatemala,193.0,0.2096,,10.0,P13STGBS.A,Trust in the armed forces,How much trust do you have in the armed forces?,institutional_trust,0.00628,0.00438
latinobarometer,P16ST,Self-placement on left-right political scale,"In politics, people often talk about 'left' and 'right'. Where would you place yourself on this scale?",political_attitudes,Argentina,183.0,0.345,WEAK_SIGNAL,1.0,P7ST,Expectations for the country's economic situation in the next 12 months,"Over the next 12 months, how do you expect the country's economic situation to change compared to now?",political_attitudes,0.0036,0.00201
latinobarometer,P16ST,Self-placement on left-right political scale,"In politics, people often talk about 'left' and 'right'. Where would you place yourself on this scale?",political_attitudes,Argentina,183.0,0.345,WEAK_SIGNAL,2.0,P13STGBS.B,Trust in the police,How much trust do you have in the police?,institutional_trust,0.0036,0.00201
latinobarometer,P16ST,Self-placement on left-right political scale,"In politics, people often talk about 'left' and 'right'. Where would you place yourself on this scale?",political_attitudes,Argentina,183.0,0.345,WEAK_SIGNAL,3.0,P52N,Perception of social media as representing public opinion,Do you think that what is said on social media reflects what the general public thinks?,contemporary_issues,0.0036,0.00201
latinobarometer,P16ST,Self-placement on left-right political scale,"In politics, people often talk about 'left' and 'right'. Where would you place yourself on this scale?",political_attitudes,Argentina,183.0,0.345,WEAK_SIGNAL,4.0,P62ST.2,Evaluation of Luis Lacalle Pou,How would you rate Luis Lacalle Pou overall?,political_attitudes,0.0027,0.00247
latinobarometer,P16ST,Self-placement on left-right political scale,"In politics, people often talk about 'left' and 'right'. Where would you place yourself on this scale?",political_attitudes,Argentina,183.0,0.345,WEAK_SIGNAL,5.0,P2ST,Perception of country's direction,What is your opinion on the current direction in which the country is heading?,political_attitudes,0.0027,0.00247
latinobarometer,P16ST,Self-placement on left-right political scale,"In politics, people often talk about 'left' and 'right'. Where would you place yourself on this scale?",political_attitudes,Argentina,183.0,0.345,WEAK_SIGNAL,6.0,S9,Household head and main income contributor,Are you the main contributor to your family's income or the head of the household?,demographics,0.0018,0.00247
latinobarometer,P16ST,Self-placement on left-right political scale,"In politics, people often talk about 'left' and 'right'. Where would you place yourself on this scale?",political_attitudes,Argentina,183.0,0.345,WEAK_SIGNAL,7.0,S18.A,Current employment situation,What is your current employment situation?,demographics,0.0018,0.00247
latinobarometer,P16ST,Self-placement on left-right political scale,"In politics, people often talk about 'left' and 'right'. Where would you place yourself on this scale?",political_attitudes,Argentina,183.0,0.345,WEAK_SIGNAL,8.0,P18ST.A,Attitude toward democracy despite its problems,Do you agree or disagree that democracy may have problems but it is the best system of government?,political_attitudes,0.0009,0.00201
latinobarometer,P16ST,Self-placement on left-right political scale,"In politics, people often talk about 'left' and 'right'. Where would you place yourself on this scale?",political_attitudes,Argentina,183.0,0.345,WEAK_SIGNAL,9.0,P62N.6,Evaluation of Gabriel Boric,How would you rate Gabriel Boric overall?,political_attitudes,0.0009,0.00377
latinobarometer,P16ST,Self-placement on left-right political scale,"In politics, people often talk about 'left' and 'right'. Where would you place yourself on this scale?",political_attitudes,Argentina,183.0,0.345,WEAK_SIGNAL,10.0,P26SDN.E,Perception of China as a political model,How much do you think China provides a good political model for your country?,political_attitudes,0.0009,0.00377
latinobarometer,P16ST,Self-placement on left-right political scale,"In politics, people often talk about 'left' and 'right'. Where would you place yourself on this scale?",political_attitudes,Colombia,193.0,0.3284,,1.0,P61ST,Perceived acceptability of inequality in the country,How acceptable do you think the current level of inequality is in your country?,values_identity,0.02338,0.00657
latinobarometer,P16ST,Self-placement on left-right political scale,"In politics, people often talk about 'left' and 'right'. Where would you place yourself on this scale?",political_attitudes,Colombia,193.0,0.3284,,2.0,P43STGBS.A,Voting intention if elections were held this Sunday,"If elections were held this Sunday, which political party would you vote for?",political_participation,0.01212,0.00474
latinobarometer,P16ST,Self-placement on left-right political scale,"In politics, people often talk about 'left' and 'right'. Where would you place yourself on this scale?",political_attitudes,Colombia,193.0,0.3284,,3.0,P41ST.H,Perceived guarantee of freedom of speech,To what extent do you think freedom of speech is guaranteed always and everywhere in your country?,political_attitudes,0.01039,0.00657
latinobarometer,P16ST,Self-placement on left-right political scale,"In politics, people often talk about 'left' and 'right'. Where would you place yourself on this scale?",political_attitudes,Colombia,193.0,0.3284,,4.0,S1A,Level of religious devotion,How would you describe your level of religious devotion?,values_identity,0.00952,0.00194
latinobarometer,P16ST,Self-placement on left-right political scale,"In politics, people often talk about 'left' and 'right'. Where would you place yourself on this scale?",political_attitudes,Colombia,193.0,0.3284,,5.0,P22ST,Justifiability of tax evasion,To what extent do you think it is justifiable or unjustifiable to evade paying taxes?,values_identity,0.00952,0.00194
latinobarometer,P16ST,Self-placement on left-right political scale,"In politics, people often talk about 'left' and 'right'. Where would you place yourself on this scale?",political_attitudes,Colombia,193.0,0.3284,,6.0,P25N.C,Economic relations: Country and China,How would you rate the economic relationship between your country and China?,political_attitudes,0.00952,0.00564
latinobarometer,P16ST,Self-placement on left-right political scale,"In politics, people often talk about 'left' and 'right'. Where would you place yourself on this scale?",political_attitudes,Colombia,193.0,0.3284,,7.0,P62N.14,Evaluation of Vladimir Putin,How would you rate Vladimir Putin overall?,political_attitudes,0.00866,0.00306
latinobarometer,P16ST,Self-placement on left-right political scale,"In politics, people often talk about 'left' and 'right'. Where would you place yourself on this scale?",political_attitudes,Colombia,193.0,0.3284,,8.0,P24ST.C,Bilateral relations: Country and China,How would you rate the relationship between your country and China?,political_attitudes,0.00779,0.00194
latinobarometer,P16ST,Self-placement on left-right political scale,"In politics, people often talk about 'left' and 'right'. Where would you place yourself on this scale?",political_attitudes,Colombia,193.0,0.3284,,9.0,P7ST,Expectations for the country's economic situation in the next 12 months,"Over the next 12 months, how do you expect the country's economic situation to change compared to now?",political_attitudes,0.00779,0.00362
latinobarometer,P16ST,Self-placement on left-right political scale,"In politics, people often talk about 'left' and 'right'. Where would you place yourself on this scale?",political_attitudes,Colombia,193.0,0.3284,,10.0,P24ST.A,Bilateral relations: Country and the United States,How would you rate the relationship between your country and the United States?,political_attitudes,0.00693,0.00237
latinobarometer,P16ST,Self-placement on left-right political scale,"In politics, people often talk about 'left' and 'right'. Where would you place yourself on this scale?",political_attitudes,Guatemala,194.0,0.217,,1.0,S11,Respondent's highest level of education completed,What is the highest level of education you have completed?,demographics,0.02766,0.00874
latinobarometer,P16ST,Self-placement on left-right political scale,"In politics, people often talk about 'left' and 'right'. Where would you place yourself on this scale?",political_attitudes,Guatemala,194.0,0.217,,2.0,FAMPART,Type of political party supported by respondent's family,What type of political party does the respondent's family support?,political_participation,0.01702,0.00238
latinobarometer,P16ST,Self-placement on left-right political scale,"In politics, people often talk about 'left' and 'right'. Where would you place yourself on this scale?",political_attitudes,Guatemala,194.0,0.217,,3.0,P41ST.C,Perceived guarantee of environmental protection,To what extent do you think environmental protection is guaranteed in your country?,political_attitudes,0.01702,0.00583
latinobarometer,P16ST,Self-placement on left-right political scale,"In politics, people often talk about 'left' and 'right'. Where would you place yourself on this scale?",political_attitudes,Guatemala,194.0,0.217,,4.0,P45ST.A,Participation in petition signing,"Have you ever signed a petition, would you do it, or would you never do it?",political_participation,0.01596,0.00841
latinobarometer,P16ST,Self-placement on left-right political scale,"In politics, people often talk about 'left' and 'right'. Where would you place yourself on this scale?",political_attitudes,Guatemala,194.0,0.217,,5.0,P13STGBS.A,Trust in the armed forces,How much trust do you have in the armed forces?,institutional_trust,0.01596,0.00651
latinobarometer,P16ST,Self-placement on left-right political scale,"In politics, people often talk about 'left' and 'right'. Where would you place yourself on this scale?",political_attitudes,Guatemala,194.0,0.217,,6.0,PERPART,Type of political party supported by respondent,What type of political party does the respondent support?,political_participation,0.0117,0.00238
latinobarometer,P16ST,Self-placement on left-right political scale,"In politics, people often talk about 'left' and 'right'. Where would you place yourself on this scale?",political_attitudes,Guatemala,194.0,0.217,,7.0,TAMCIUD,Size of habitat,What is the size of the respondent's habitat?,demographics,0.0117,0.00952
latinobarometer,P16ST,Self-placement on left-right political scale,"In politics, people often talk about 'left' and 'right'. Where would you place yourself on this scale?",political_attitudes,Guatemala,194.0,0.217,,8.0,P59ST,Frequency of worry about becoming a victim of violent crime,"How often, if at all, do you worry about becoming a victim of violent crime?",wellbeing,0.01064,0.00752
latinobarometer,P16ST,Self-placement on left-right political scale,"In politics, people often talk about 'left' and 'right'. Where would you place yourself on this scale?",political_attitudes,Guatemala,194.0,0.217,,9.0,S7,Self-identified ethnicity or race,What ethnicity or race do you identify with most closely?,demographics,0.01064,0.00651
latinobarometer,P16ST,Self-placement on left-right political scale,"In politics, people often talk about 'left' and 'right'. Where would you place yourself on this scale?",political_attitudes,Guatemala,194.0,0.217,,10.0,EDAD,Age,How old are you?,demographics,0.01064,0.00376
wvs,Q263,Respondent immigrant?,Were you born in this country or are you an immigrant?,demographics,Andorra,283.0,0.7231,CONCENTRATED,1.0,Q266,Country of birth: Respondent,In which country were you born?,demographics,0.38806,0.02253
wvs,Q263,Respondent immigrant?,Were you born in this country or are you an immigrant?,demographics,Andorra,283.0,0.7231,CONCENTRATED,2.0,Q2,Important in life: Friends,"In your life, would you say friends is very important, rather important, not very important or not important at all?",values_identity,0.0,0.0
wvs,Q263,Respondent immigrant?,Were you born in this country or are you an immigrant?,demographics,Andorra,283.0,0.7231,CONCENTRATED,3.0,Q3,Important in life: Leisure time,"In your life, would you say leisure time is very important, rather important, not very important or not important at all?",values_identity,0.0,0.0
wvs,Q263,Respondent immigrant?,Were you born in this country or are you an immigrant?,demographics,Andorra,283.0,0.7231,CONCENTRATED,4.0,Q4,Important in life: Politics,"In your life, would you say politics is very important, rather important, not very important or not important at all?",values_identity,0.0,0.0
wvs,Q263,Respondent immigrant?,Were you born in this country or are you an immigrant?,demographics,Andorra,283.0,0.7231,CONCENTRATED,5.0,Q5,Important in life: Work,"In your life, would you say work is very important, rather important, not very important or not important at all?",values_identity,0.0,0.0
wvs,Q263,Respondent immigrant?,Were you born in this country or are you an immigrant?,demographics,Andorra,283.0,0.7231,CONCENTRATED,6.0,Q6,Important in life: Religion,"In your life, would you say religion is very important, rather important, not very important or not important at all?",values_identity,0.0,0.0
wvs,Q263,Respondent immigrant?,Were you born in this country or are you an immigrant?,demographics,Andorra,283.0,0.7231,CONCENTRATED,7.0,Q7,Important child qualities: Good manners,Do you consider good manners to be an especially important quality for children to learn at home?,values_identity,0.0,0.0
wvs,Q263,Respondent immigrant?,Were you born in this country or are you an immigrant?,demographics,Andorra,283.0,0.7231,CONCENTRATED,8.0,Q8,Important child qualities: Independence,Do you consider independence to be an especially important quality for children to learn at home?,values_identity,0.0,0.0
wvs,Q263,Respondent immigrant?,Were you born in this country or are you an immigrant?,demographics,Andorra,283.0,0.7231,CONCENTRATED,9.0,Q9,Important child qualities: Hard work,Do you consider hard work to be an especially important quality for children to learn at home?,values_identity,0.0,0.0
wvs,Q263,Respondent immigrant?,Were you born in this country or are you an immigrant?,demographics,Andorra,283.0,0.7231,CONCENTRATED,10.0,Q10,Important child qualities: Feeling of responsibility,Do you consider feeling of responsibility to be an especially important quality for children to learn at home?,values_identity,0.0,0.0
wvs,Q263,Respondent immigrant?,Were you born in this country or are you an immigrant?,demographics,Germany,282.0,0.8605,SKEWED CONCENTRATED,1.0,Q266,Country of birth: Respondent,In which country were you born?,demographics,0.23399,0.01257
wvs,Q263,Respondent immigrant?,Were you born in this country or are you an immigrant?,demographics,Germany,282.0,0.8605,SKEWED CONCENTRATED,2.0,N_REGION_ISO,ISO 3166-2 regional classification,Which region do you currently live in?,demographics,0.0,0.0
wvs,Q263,Respondent immigrant?,Were you born in this country or are you an immigrant?,demographics,Germany,282.0,0.8605,SKEWED CONCENTRATED,3.0,Q1,Important in life: Family,"In your life, would you say family is very important, rather important, not very important or not important at all?",values_identity,0.0,0.0
wvs,Q263,Respondent immigrant?,Were you born in this country or are you an immigrant?,demographics,Germany,282.0,0.8605,SKEWED CONCENTRATED,4.0,Q2,Important in life: Friends,"In your life, would you say friends is very important, rather important, not very important or not important at all?",values_identity,0.0,0.0
wvs,Q263,Respondent immigrant?,Were you born in this country or are you an immigrant?,demographics,Germany,282.0,0.8605,SKEWED CONCENTRATED,5.0,Q3,Important in life: Leisure time,"In your life, would you say leisure time is very important, rather important, not very important or not important at all?",values_identity,0.0,0.0
wvs,Q263,Respondent immigrant?,Were you born in this country or are you an immigrant?,demographics,Germany,282.0,0.8605,SKEWED CONCENTRATED,6.0,Q4,Important in life: Politics,"In your life, would you say politics is very important, rather important, not very important or not important at all?",values_identity,0.0,0.0
wvs,Q263,Respondent immigrant?,Were you born in this country or are you an immigrant?,demographics,Germany,282.0,0.8605,SKEWED CONCENTRATED,7.0,Q5,Important in life: Work,"In your life, would you say work is very important, rather important, not very important or not important at all?",values_identity,0.0,0.0
wvs,Q263,Respondent immigrant?,Were you born in this country or are you an immigrant?,demographics,Germany,282.0,0.8605,SKEWED CONCENTRATED,8.0,Q6,Important in life: Religion,"In your life, would you say religion is very important, rather important, not very important or not important at all?",values_identity,0.0,0.0
wvs,Q263,Respondent immigrant?,Were you born in this country or are you an immigrant?,demographics,Germany,282.0,0.8605,SKEWED CONCENTRATED,9.0,Q7,Important child qualities: Good manners,Do you consider good manners to be an especially important quality for children to learn at home?,values_identity,0.0,0.0
wvs,Q263,Respondent immigrant?,Were you born in this country or are you an immigrant?,demographics,Germany,282.0,0.8605,SKEWED CONCENTRATED,10.0,Q8,Important child qualities: Independence,Do you consider independence to be an especially important quality for children to learn at home?,values_identity,0.0,0.0
wvs,Q263,Respondent immigrant?,Were you born in this country or are you an immigrant?,demographics,Macao SAR,278.0,0.5828,,1.0,Q266,Country of birth: Respondent,In which country were you born?,demographics,0.12878,0.01845
wvs,Q263,Respondent immigrant?,Were you born in this country or are you an immigrant?,demographics,Macao SAR,278.0,0.5828,,2.0,Q264,Mother immigrant?,Is your mother immigrant to this country or not?,demographics,0.07024,0.03319
wvs,Q263,Respondent immigrant?,Were you born in this country or are you an immigrant?,demographics,Macao SAR,278.0,0.5828,,3.0,Q274,How many children do you have,"Have you had children? If yes, how many?",demographics,0.04098,0.01566
wvs,Q263,Respondent immigrant?,Were you born in this country or are you an immigrant?,demographics,Macao SAR,278.0,0.5828,,4.0,Q275,Highest educational level: Respondent [ISCED 2011],What is the highest educational level that you have attained?,demographics,0.0322,0.00886
wvs,Q263,Respondent immigrant?,Were you born in this country or are you an immigrant?,demographics,Macao SAR,278.0,0.5828,,5.0,Q24,Ok if Neighbors are: Heavy drinkers,Would you prefer not to have heavy drinkers as neighbors?,social_attitudes,0.00488,0.00345
wvs,Q263,Respondent immigrant?,Were you born in this country or are you an immigrant?,demographics,Macao SAR,278.0,0.5828,,6.0,Q121,Impact of immigrants on the development of the country,How do you evaluate the impact of immigrants on the development of this country?,social_attitudes,0.00488,0.00345
wvs,Q263,Respondent immigrant?,Were you born in this country or are you an immigrant?,demographics,Macao SAR,278.0,0.5828,,7.0,Q14,Important child qualities: Determination perseverance,Do you consider determination perseverance to be an especially important quality for children to learn at home?,values_identity,0.0039,0.00218
wvs,Q263,Respondent immigrant?,Were you born in this country or are you an immigrant?,demographics,Macao SAR,278.0,0.5828,,8.0,Q190,Justifiability of parents beating children,How justifiable do you think it is for parents to beat their children?,values_identity,0.0039,0.00218
wvs,Q263,Respondent immigrant?,Were you born in this country or are you an immigrant?,demographics,Macao SAR,278.0,0.5828,,9.0,Q272,Language at home,What language do you normally speak at home?,demographics,0.0039,0.00218
wvs,Q263,Respondent immigrant?,Were you born in this country or are you an immigrant?,demographics,Macao SAR,278.0,0.5828,,10.0,Q51,Frequency you/family (last 12 month): Gone without enough food to eat,"In the last 12 months, how often have you or your family gone without enough food to eat?",wellbeing,0.0039,0.00218
wvs,Q141,"Things done for reasons of security: Carried a knife, gun or other weapon","Have you ever carried a knife, gun or other weapon for reasons of security?",wellbeing,Andorra,283.0,0.989,SKEWED WEAK_SIGNAL,1.0,Q11,Important child qualities: Imagination,Do you consider imagination to be an especially important quality for children to learn at home?,values_identity,0.0,0.0
wvs,Q141,"Things done for reasons of security: Carried a knife, gun or other weapon","Have you ever carried a knife, gun or other weapon for reasons of security?",wellbeing,Andorra,283.0,0.989,SKEWED WEAK_SIGNAL,2.0,Q290,Racial belonging/ ethnic group,How do you identify when it comes to Racial belonging/ ethnic group in your country?,demographics,0.0,0.0
wvs,Q141,"Things done for reasons of security: Carried a knife, gun or other weapon","Have you ever carried a knife, gun or other weapon for reasons of security?",wellbeing,Andorra,283.0,0.989,SKEWED WEAK_SIGNAL,3.0,N_REGION_ISO,ISO 3166-2 regional classification,Which region do you currently live in?,demographics,0.0,0.0
wvs,Q141,"Things done for reasons of security: Carried a knife, gun or other weapon","Have you ever carried a knife, gun or other weapon for reasons of security?",wellbeing,Andorra,283.0,0.989,SKEWED WEAK_SIGNAL,4.0,Q1,Important in life: Family,"In your life, would you say family is very important, rather important, not very important or not important at all?",values_identity,0.0,0.0
wvs,Q141,"Things done for reasons of security: Carried a knife, gun or other weapon","Have you ever carried a knife, gun or other weapon for reasons of security?",wellbeing,Andorra,283.0,0.989,SKEWED WEAK_SIGNAL,5.0,Q2,Important in life: Friends,"In your life, would you say friends is very important, rather important, not very important or not important at all?",values_identity,0.0,0.0
wvs,Q141,"Things done for reasons of security: Carried a knife, gun or other weapon","Have you ever carried a knife, gun or other weapon for reasons of security?",wellbeing,Andorra,283.0,0.989,SKEWED WEAK_SIGNAL,6.0,Q3,Important in life: Leisure time,"In your life, would you say leisure time is very important, rather important, not very important or not important at all?",values_identity,0.0,0.0
wvs,Q141,"Things done for reasons of security: Carried a knife, gun or other weapon","Have you ever carried a knife, gun or other weapon for reasons of security?",wellbeing,Andorra,283.0,0.989,SKEWED WEAK_SIGNAL,7.0,Q4,Important in life: Politics,"In your life, would you say politics is very important, rather important, not very important or not important at all?",values_identity,0.0,0.0
wvs,Q141,"Things done for reasons of security: Carried a knife, gun or other weapon","Have you ever carried a knife, gun or other weapon for reasons of security?",wellbeing,Andorra,283.0,0.989,SKEWED WEAK_SIGNAL,8.0,Q5,Important in life: Work,"In your life, would you say work is very important, rather important, not very important or not important at all?",values_identity,0.0,0.0
wvs,Q141,"Things done for reasons of security: Carried a knife, gun or other weapon","Have you ever carried a knife, gun or other weapon for reasons of security?",wellbeing,Andorra,283.0,0.989,SKEWED WEAK_SIGNAL,9.0,Q6,Important in life: Religion,"In your life, would you say religion is very important, rather important, not very important or not important at all?",values_identity,0.0,0.0
wvs,Q141,"Things done for reasons of security: Carried a knife, gun or other weapon","Have you ever carried a knife, gun or other weapon for reasons of security?",wellbeing,Andorra,283.0,0.989,SKEWED WEAK_SIGNAL,10.0,Q7,Important child qualities: Good manners,Do you consider good manners to be an especially important quality for children to learn at home?,values_identity,0.0,0.0
wvs,Q141,"Things done for reasons of security: Carried a knife, gun or other weapon","Have you ever carried a knife, gun or other weapon for reasons of security?",wellbeing,Germany,282.0,0.9579,SKEWED WEAK_SIGNAL,1.0,Q10,Important child qualities: Feeling of responsibility,Do you consider feeling of responsibility to be an especially important quality for children to learn at home?,values_identity,0.0,0.0
wvs,Q141,"Things done for reasons of security: Carried a knife, gun or other weapon","Have you ever carried a knife, gun or other weapon for reasons of security?",wellbeing,Germany,282.0,0.9579,SKEWED WEAK_SIGNAL,2.0,Q289CS9,Religious denomination - detailed list,"Do you belong to a religion or religious denomination? If yes, which one?",demographics,0.0,0.0
wvs,Q141,"Things done for reasons of security: Carried a knife, gun or other weapon","Have you ever carried a knife, gun or other weapon for reasons of security?",wellbeing,Germany,282.0,0.9579,SKEWED WEAK_SIGNAL,3.0,N_REGION_ISO,ISO 3166-2 regional classification,Which region do you currently live in?,demographics,0.0,0.0
wvs,Q141,"Things done for reasons of security: Carried a knife, gun or other weapon","Have you ever carried a knife, gun or other weapon for reasons of security?",wellbeing,Germany,282.0,0.9579,SKEWED WEAK_SIGNAL,4.0,Q1,Important in life: Family,"In your life, would you say family is very important, rather important, not very important or not important at all?",values_identity,0.0,0.0
wvs,Q141,"Things done for reasons of security: Carried a knife, gun or other weapon","Have you ever carried a knife, gun or other weapon for reasons of security?",wellbeing,Germany,282.0,0.9579,SKEWED WEAK_SIGNAL,5.0,Q2,Important in life: Friends,"In your life, would you say friends is very important, rather important, not very important or not important at all?",values_identity,0.0,0.0
wvs,Q141,"Things done for reasons of security: Carried a knife, gun or other weapon","Have you ever carried a knife, gun or other weapon for reasons of security?",wellbeing,Germany,282.0,0.9579,SKEWED WEAK_SIGNAL,6.0,Q3,Important in life: Leisure time,"In your life, would you say leisure time is very important, rather important, not very important or not important at all?",values_identity,0.0,0.0
wvs,Q141,"Things done for reasons of security: Carried a knife, gun or other weapon","Have you ever carried a knife, gun or other weapon for reasons of security?",wellbeing,Germany,282.0,0.9579,SKEWED WEAK_SIGNAL,7.0,Q4,Important in life: Politics,"In your life, would you say politics is very important, rather important, not very important or not important at all?",values_identity,0.0,0.0
wvs,Q141,"Things done for reasons of security: Carried a knife, gun or other weapon","Have you ever carried a knife, gun or other weapon for reasons of security?",wellbeing,Germany,282.0,0.9579,SKEWED WEAK_SIGNAL,8.0,Q5,Important in life: Work,"In your life, would you say work is very important, rather important, not very important or not important at all?",values_identity,0.0,0.0
wvs,Q141,"Things done for reasons of security: Carried a knife, gun or other weapon","Have you ever carried a knife, gun or other weapon for reasons of security?",wellbeing,Germany,282.0,0.9579,SKEWED WEAK_SIGNAL,9.0,Q6,Important in life: Religion,"In your life, would you say religion is very important, rather important, not very important or not important at all?",values_identity,0.0,0.0
wvs,Q141,"Things done for reasons of security: Carried a knife, gun or other weapon","Have you ever carried a knife, gun or other weapon for reasons of security?",wellbeing,Germany,282.0,0.9579,SKEWED WEAK_SIGNAL,10.0,Q7,Important child qualities: Good manners,Do you consider good manners to be an especially important quality for children to learn at home?,values_identity,0.0,0.0
wvs,Q141,"Things done for reasons of security: Carried a knife, gun or other weapon","Have you ever carried a knife, gun or other weapon for reasons of security?",wellbeing,Macao SAR,278.0,0.9804,SKEWED WEAK_SIGNAL,1.0,Q136,Frequency in your neighborhood: Drug sale in streets,How frequently does drug sale in streets occur in your neighborhood?,wellbeing,0.0039,0.00218
wvs,Q141,"Things done for reasons of security: Carried a knife, gun or other weapon","Have you ever carried a knife, gun or other weapon for reasons of security?",wellbeing,Macao SAR,278.0,0.9804,SKEWED WEAK_SIGNAL,2.0,Q133,Frequency in your neighborhood: Alcohol consumed in the streets,How frequently does alcohol consumed in the streets occur in your neighborhood?,wellbeing,0.0039,0.00218
wvs,Q141,"Things done for reasons of security: Carried a knife, gun or other weapon","Have you ever carried a knife, gun or other weapon for reasons of security?",wellbeing,Macao SAR,278.0,0.9804,SKEWED WEAK_SIGNAL,3.0,Q270,Number of people in household,"How many people are there in your household, including yourself and children?",demographics,0.0039,0.00218
wvs,Q141,"Things done for reasons of security: Carried a knife, gun or other weapon","Have you ever carried a knife, gun or other weapon for reasons of security?",wellbeing,Macao SAR,278.0,0.9804,SKEWED WEAK_SIGNAL,4.0,Q156,Most important: first choice,"In your opinion, which of the following is most important: A stable economy; Progress toward a less impersonal and more humane society; Progress toward a society in which ideas count more than money; The fight against crime?",political_attitudes,0.00293,0.00267
wvs,Q141,"Things done for reasons of security: Carried a knife, gun or other weapon","Have you ever carried a knife, gun or other weapon for reasons of security?",wellbeing,Macao SAR,278.0,0.9804,SKEWED WEAK_SIGNAL,5.0,Q232,How often in country's elections: Voters are offered a genuine choice in the elections,"In your view, how often are voters offered a genuine choice in the elections in this country's elections?",political_attitudes,0.00195,0.00267
wvs,Q141,"Things done for reasons of security: Carried a knife, gun or other weapon","Have you ever carried a knife, gun or other weapon for reasons of security?",wellbeing,Macao SAR,278.0,0.9804,SKEWED WEAK_SIGNAL,6.0,Q139,Things done for reasons of security: Didn't carry much money,Have you ever avoided carrying much money for security reasons?,wellbeing,0.00098,0.00218
wvs,Q141,"Things done for reasons of security: Carried a knife, gun or other weapon","Have you ever carried a knife, gun or other weapon for reasons of security?",wellbeing,Macao SAR,278.0,0.9804,SKEWED WEAK_SIGNAL,7.0,Q254,National pride,How proud are you to be of nationality of this country?,values_identity,0.0,0.0
wvs,Q141,"Things done for reasons of security: Carried a knife, gun or other weapon","Have you ever carried a knife, gun or other weapon for reasons of security?",wellbeing,Macao SAR,278.0,0.9804,SKEWED WEAK_SIGNAL,8.0,Q272,Language at home,What language do you normally speak at home?,demographics,0.0,0.0
wvs,Q141,"Things done for reasons of security: Carried a knife, gun or other weapon","Have you ever carried a knife, gun or other weapon for reasons of security?",wellbeing,Macao SAR,278.0,0.9804,SKEWED WEAK_SIGNAL,9.0,Q273,Marital status,What is your marital status?,demographics,0.0,0.0
wvs,Q141,"Things done for reasons of security: Carried a knife, gun or other weapon","Have you ever carried a knife, gun or other weapon for reasons of security?",wellbeing,Macao SAR,278.0,0.9804,SKEWED WEAK_SIGNAL,10.0,Q274,How many children do you have,"Have you had children? If yes, how many?",demographics,0.0,0.0
wvs,Q205,Information source: Email,How often do you use email to obtain information about this country and the world?,contemporary_issues,Andorra,282.0,0.4074,,1.0,Q204,Information source: Mobile phone,How often do you use mobile phone to obtain information about this country and the world?,contemporary_issues,0.215,0.02646
wvs,Q205,Information source: Email,How often do you use email to obtain information about this country and the world?,contemporary_issues,Andorra,282.0,0.4074,,2.0,Q207,"Information source: Social media (Facebook, Twitter, etc.)","How often do you use social media (facebook, twitter, etc.) to obtain information about this country and the world?",contemporary_issues,0.037,0.01255
wvs,Q205,Information source: Email,How often do you use email to obtain information about this country and the world?,contemporary_issues,Andorra,282.0,0.4074,,3.0,Q208,Information source: Talk with friends or colleagues,How often do you use talk with friends or colleagues to obtain information about this country and the world?,political_participation,0.025,0.01061
wvs,Q205,Information source: Email,How often do you use email to obtain information about this country and the world?,contemporary_issues,Andorra,282.0,0.4074,,4.0,Q225,How often in country's elections: Opposition candidates are prevented from running,"In your view, how often are opposition candidates prevented from running in this country's elections?",political_attitudes,0.016,0.00224
wvs,Q205,Information source: Email,How often do you use email to obtain information about this country and the world?,contemporary_issues,Andorra,282.0,0.4074,,5.0,Q215,Social activism: Encouraging others to take action about political issues,"Have you ever encouraged others to take political action, might you consider doing so, or would you never do so under any circumstances?",political_participation,0.015,0.01173
wvs,Q205,Information source: Email,How often do you use email to obtain information about this country and the world?,contemporary_issues,Andorra,282.0,0.4074,,6.0,Q185,Perceived justifiability of divorce,"Is divorce justifiable, in your view?",values_identity,0.014,0.00742
wvs,Q205,Information source: Email,How often do you use email to obtain information about this country and the world?,contemporary_issues,Andorra,282.0,0.4074,,7.0,Q258,Feel close to your continent,How close do you feel to your continent?,values_identity,0.012,0.01037
wvs,Q205,Information source: Email,How often do you use email to obtain information about this country and the world?,contemporary_issues,Andorra,282.0,0.4074,,8.0,Q120,Perceived risk of accountability for bribery,"In your opinion, how high is the risk that someone will be held accountable for giving or receiving a bribe, gift, or favour in return for public service?",institutional_trust,0.012,0.00447
wvs,Q205,Information source: Email,How often do you use email to obtain information about this country and the world?,contemporary_issues,Andorra,282.0,0.4074,,9.0,Q201,Information source: Daily newspaper,How often do you use daily newspaper to obtain information about this country and the world?,contemporary_issues,0.011,0.00652
wvs,Q205,Information source: Email,How often do you use email to obtain information about this country and the world?,contemporary_issues,Andorra,282.0,0.4074,,10.0,Q109,Views on competition: good or harmful,"Do you think competition is good because it stimulates effort and innovation, or harmful because it brings out the worst in people?",political_attitudes,0.011,0.00418
wvs,Q205,Information source: Email,How often do you use email to obtain information about this country and the world?,contemporary_issues,Germany,281.0,0.4407,,1.0,Q204,Information source: Mobile phone,How often do you use mobile phone to obtain information about this country and the world?,contemporary_issues,0.11046,0.01624
wvs,Q205,Information source: Email,How often do you use email to obtain information about this country and the world?,contemporary_issues,Germany,281.0,0.4407,,2.0,Q208,Information source: Talk with friends or colleagues,How often do you use talk with friends or colleagues to obtain information about this country and the world?,political_participation,0.02157,0.00913
wvs,Q205,Information source: Email,How often do you use email to obtain information about this country and the world?,contemporary_issues,Germany,281.0,0.4407,,3.0,Q217,Political actions online: Searching information about politics and political events,"Have you ever used the internet or social media to search for information about politics and political events, might you consider doing so, or would you never do so under any circumstances?",political_participation,0.01046,0.00629
wvs,Q205,Information source: Email,How often do you use email to obtain information about this country and the world?,contemporary_issues,Germany,281.0,0.4407,,4.0,Q34,Jobs scarce: Employers should give priority to (nation) people than immigrants,"Do you agree, disagree or neither agree nor disagree with the following statement: 'When jobs are scarce, employers should give priority to people of this country over immigrants.'?",political_attitudes,0.00719,0.00273
wvs,Q205,Information source: Email,How often do you use email to obtain information about this country and the world?,contemporary_issues,Germany,281.0,0.4407,,5.0,Q207,"Information source: Social media (Facebook, Twitter, etc.)","How often do you use social media (facebook, twitter, etc.) to obtain information about this country and the world?",contemporary_issues,0.00588,0.00629
wvs,Q205,Information source: Email,How often do you use email to obtain information about this country and the world?,contemporary_issues,Germany,281.0,0.4407,,6.0,Q285,Are you the chief wage earner in your house,Are you the chief wage earner in your house?,demographics,0.00523,0.00292
wvs,Q205,Information source: Email,How often do you use email to obtain information about this country and the world?,contemporary_issues,Germany,281.0,0.4407,,7.0,Q83,Confidence: The United Nations (UN),How much confidence do you have in the United Nations (UN)?,institutional_trust,0.00523,0.00179
wvs,Q205,Information source: Email,How often do you use email to obtain information about this country and the world?,contemporary_issues,Germany,281.0,0.4407,,8.0,Q84,Confidence: International Monetary Found (IMF),How much confidence do you have in the International Monetary Fund (IMF)?,institutional_trust,0.00458,0.00292
wvs,Q205,Information source: Email,How often do you use email to obtain information about this country and the world?,contemporary_issues,Germany,281.0,0.4407,,9.0,Q193,Justifiability of having casual sex,How justifiable do you think it is to have casual sex?,values_identity,0.00458,0.00438
wvs,Q205,Information source: Email,How often do you use email to obtain information about this country and the world?,contemporary_issues,Germany,281.0,0.4407,,10.0,Q224,How often in country's elections: Votes are counted fairly,"In your view, how often are votes counted fairly in this country's elections?",political_attitudes,0.00392,0.00146
wvs,Q205,Information source: Email,How often do you use email to obtain information about this country and the world?,contemporary_issues,Macao SAR,277.0,0.3484,,1.0,Q207,"Information source: Social media (Facebook, Twitter, etc.)","How often do you use social media (facebook, twitter, etc.) to obtain information about this country and the world?",contemporary_issues,0.07843,0.01991
wvs,Q205,Information source: Email,How often do you use email to obtain information about this country and the world?,contemporary_issues,Macao SAR,277.0,0.3484,,2.0,Q208,Information source: Talk with friends or colleagues,How often do you use talk with friends or colleagues to obtain information about this country and the world?,political_participation,0.02843,0.01446
wvs,Q205,Information source: Email,How often do you use email to obtain information about this country and the world?,contemporary_issues,Macao SAR,277.0,0.3484,,3.0,Q204,Information source: Mobile phone,How often do you use mobile phone to obtain information about this country and the world?,contemporary_issues,0.01471,0.0125
wvs,Q205,Information source: Email,How often do you use email to obtain information about this country and the world?,contemporary_issues,Macao SAR,277.0,0.3484,,4.0,Q90,Priority for international organizations: effectiveness vs. democracy,What should international organizations prioritize: being effective or being democratic?,political_attitudes,0.01176,0.00743
wvs,Q205,Information source: Email,How often do you use email to obtain information about this country and the world?,contemporary_issues,Macao SAR,277.0,0.3484,,5.0,Q17,Important child qualities: Obedience,Do you consider obedience to be an especially important quality for children to learn at home?,values_identity,0.01176,0.00559
wvs,Q205,Information source: Email,How often do you use email to obtain information about this country and the world?,contemporary_issues,Macao SAR,277.0,0.3484,,6.0,Q157,Most important: second choice,"In your opinion, which of the following is the second most important: A stable economy; Progress toward a less impersonal and more humane society; Progress toward a society in which ideas count more than money; The fight against crime?",political_attitudes,0.01078,0.00537
wvs,Q205,Information source: Email,How often do you use email to obtain information about this country and the world?,contemporary_issues,Macao SAR,277.0,0.3484,,7.0,Q147,Worries: A terrorist attack,How worried are you about a terrorist attack?,wellbeing,0.00882,0.00639
wvs,Q205,Information source: Email,How often do you use email to obtain information about this country and the world?,contemporary_issues,Macao SAR,277.0,0.3484,,8.0,Q5,Important in life: Work,"In your life, would you say work is very important, rather important, not very important or not important at all?",values_identity,0.00882,0.01269
wvs,Q205,Information source: Email,How often do you use email to obtain information about this country and the world?,contemporary_issues,Macao SAR,277.0,0.3484,,9.0,Q188,Justifiability of euthanasia,How justifiable do you think euthanasia is?,values_identity,0.00784,0.00438
wvs,Q205,Information source: Email,How often do you use email to obtain information about this country and the world?,contemporary_issues,Macao SAR,277.0,0.3484,,10.0,Q284,Sector of employment,"Are you working for the government or public institution, for private business or industry, or for a private non-profit organization? If you do not work currently, characterize your major work in the past! Do you or did you work for?",demographics,0.00784,0.00658
wvs,Q40,Work is a duty towards society,Do you agree or disagree with the following statement: 'Work is a duty towards society'?,values_identity,Andorra,283.0,0.2863,,1.0,Q41,Work should always come first even if it means less spare time,"Do you agree or disagree with the following statement: 'Work should always come first, even if it means less spare time'?",values_identity,0.11,0.02208
wvs,Q40,Work is a duty towards society,Do you agree or disagree with the following statement: 'Work is a duty towards society'?,values_identity,Andorra,283.0,0.2863,,2.0,Q39,People who don't work turn lazy,Do you agree or disagree with the following statement: 'People who don't work turn lazy'?,values_identity,0.043,0.02842
wvs,Q40,Work is a duty towards society,Do you agree or disagree with the following statement: 'Work is a duty towards society'?,values_identity,Andorra,283.0,0.2863,,3.0,Q196,Government right to use video surveillance in public areas,Should the government have the right to keep people under video surveillance in public areas?,political_attitudes,0.026,0.00652
wvs,Q40,Work is a duty towards society,Do you agree or disagree with the following statement: 'Work is a duty towards society'?,values_identity,Andorra,283.0,0.2863,,4.0,Q38,It is children duty to take care of ill parent,Do you agree or disagree with the following statement: 'Adult children have the duty to provide long-term care for their parents?',values_identity,0.024,0.01387
wvs,Q40,Work is a duty towards society,Do you agree or disagree with the following statement: 'Work is a duty towards society'?,values_identity,Andorra,283.0,0.2863,,5.0,Q45,Future changes: Greater respect for authority,"If society placed more emphasis on developing technology in the future, would you consider that a good thing, a bad thing, or wouldn't you mind?",values_identity,0.022,0.01037
wvs,Q40,Work is a duty towards society,Do you agree or disagree with the following statement: 'Work is a duty towards society'?,values_identity,Andorra,283.0,0.2863,,6.0,Q37,Duty towards society to have children,Do you agree or disagree with the following statement: 'It is a duty towards society to have children'?,values_identity,0.019,0.01636
wvs,Q40,Work is a duty towards society,Do you agree or disagree with the following statement: 'Work is a duty towards society'?,values_identity,Andorra,283.0,0.2863,,7.0,Q92,Where are the headquarters of the International Monetary Fund (IMF) located?,Where are the headquarters of the International Monetary Fund (IMF) located?,demographics,0.019,0.00742
wvs,Q40,Work is a duty towards society,Do you agree or disagree with the following statement: 'Work is a duty towards society'?,values_identity,Andorra,283.0,0.2863,,8.0,Q183,Perceived justifiability of prostitution,"Is prostitution justifiable, in your view?",values_identity,0.018,0.00274
wvs,Q40,Work is a duty towards society,Do you agree or disagree with the following statement: 'Work is a duty towards society'?,values_identity,Andorra,283.0,0.2863,,9.0,Q247,Importance of income equality as a feature of democracy,How essential do you think it is for a democracy that the state makes people's incomes more equal?,political_attitudes,0.018,0.00447
wvs,Q40,Work is a duty towards society,Do you agree or disagree with the following statement: 'Work is a duty towards society'?,values_identity,Andorra,283.0,0.2863,,10.0,Q9,Important child qualities: Hard work,Do you consider hard work to be an especially important quality for children to learn at home?,values_identity,0.018,0.00975
wvs,Q40,Work is a duty towards society,Do you agree or disagree with the following statement: 'Work is a duty towards society'?,values_identity,Germany,282.0,0.5649,,1.0,Q41,Work should always come first even if it means less spare time,"Do you agree or disagree with the following statement: 'Work should always come first, even if it means less spare time'?",values_identity,0.02848,0.00954
wvs,Q40,Work is a duty towards society,Do you agree or disagree with the following statement: 'Work is a duty towards society'?,values_identity,Germany,282.0,0.5649,,2.0,Q37,Duty towards society to have children,Do you agree or disagree with the following statement: 'It is a duty towards society to have children'?,values_identity,0.01391,0.00679
wvs,Q40,Work is a duty towards society,Do you agree or disagree with the following statement: 'Work is a duty towards society'?,values_identity,Germany,282.0,0.5649,,3.0,Q35,Problem if women have more income than husband,"Do you agree or disagree with the following statement 'If a woman earns more money than her husband, it's almost certain to cause problems'?",social_attitudes,0.00795,0.00502
wvs,Q40,Work is a duty towards society,Do you agree or disagree with the following statement: 'Work is a duty towards society'?,values_identity,Germany,282.0,0.5649,,4.0,Q39,People who don't work turn lazy,Do you agree or disagree with the following statement: 'People who don't work turn lazy'?,values_identity,0.00795,0.00554
wvs,Q40,Work is a duty towards society,Do you agree or disagree with the following statement: 'Work is a duty towards society'?,values_identity,Germany,282.0,0.5649,,5.0,Q31,Men make better business executives than women do,"How much do you agree or disagree with the following statement: 'On the whole, men make better business executives than women do'?",social_attitudes,0.00596,0.00277
wvs,Q40,Work is a duty towards society,Do you agree or disagree with the following statement: 'Work is a duty towards society'?,values_identity,Germany,282.0,0.5649,,6.0,Q30,University is more important for a boy than for a girl,How much do you agree or disagree with the following statement: 'A university education is more important for a boy than for a girl'?,social_attitudes,0.0053,0.00378
wvs,Q40,Work is a duty towards society,Do you agree or disagree with the following statement: 'Work is a duty towards society'?,values_identity,Germany,282.0,0.5649,,7.0,Q166,Believe in: life after death,Do you believe in life after death?,values_identity,0.0053,0.00378
wvs,Q40,Work is a duty towards society,Do you agree or disagree with the following statement: 'Work is a duty towards society'?,values_identity,Germany,282.0,0.5649,,8.0,Q142,Worries: Losing my job or not finding a job,How worried are you about losing your job or not finding a job?,wellbeing,0.00464,0.00378
wvs,Q40,Work is a duty towards society,Do you agree or disagree with the following statement: 'Work is a duty towards society'?,values_identity,Germany,282.0,0.5649,,9.0,Q57,Most people can be trusted,"Generally speaking, would you say that most people can be trusted or that you need to be very careful in dealing with people?",social_attitudes,0.00397,0.00277
wvs,Q40,Work is a duty towards society,Do you agree or disagree with the following statement: 'Work is a duty towards society'?,values_identity,Germany,282.0,0.5649,,10.0,Q193,Justifiability of having casual sex,How justifiable do you think it is to have casual sex?,values_identity,0.00331,0.00234
wvs,Q40,Work is a duty towards society,Do you agree or disagree with the following statement: 'Work is a duty towards society'?,values_identity,Macao SAR,278.0,0.4528,,1.0,Q39,People who don't work turn lazy,Do you agree or disagree with the following statement: 'People who don't work turn lazy'?,values_identity,0.04926,0.0181
wvs,Q40,Work is a duty towards society,Do you agree or disagree with the following statement: 'Work is a duty towards society'?,values_identity,Macao SAR,278.0,0.4528,,2.0,Q37,Duty towards society to have children,Do you agree or disagree with the following statement: 'It is a duty towards society to have children'?,values_identity,0.02759,0.01134
wvs,Q40,Work is a duty towards society,Do you agree or disagree with the following statement: 'Work is a duty towards society'?,values_identity,Macao SAR,278.0,0.4528,,3.0,Q41,Work should always come first even if it means less spare time,"Do you agree or disagree with the following statement: 'Work should always come first, even if it means less spare time'?",values_identity,0.02266,0.02621
wvs,Q40,Work is a duty towards society,Do you agree or disagree with the following statement: 'Work is a duty towards society'?,values_identity,Macao SAR,278.0,0.4528,,4.0,Q176,Agreement that it is difficult to choose which moral rules to follow,Do you agree or disagree that it is difficult nowadays to decide which moral rules are the right ones to follow?,values_identity,0.01281,0.00562
wvs,Q40,Work is a duty towards society,Do you agree or disagree with the following statement: 'Work is a duty towards society'?,values_identity,Macao SAR,278.0,0.4528,,5.0,Q111,Protecting environment vs. Economic growth,"Here are two statements people sometimes make when discussing the environment and economic growth. Which of them comes closer to your own point of view? A. Protecting the environment should be given priority, even if it causes slower economic growth and some loss of jobs B. Economic growth and creating jobs should be the top priority, even if the environment suffers to some extent",political_attitudes,0.00788,0.0027
wvs,Q40,Work is a duty towards society,Do you agree or disagree with the following statement: 'Work is a duty towards society'?,values_identity,Macao SAR,278.0,0.4528,,6.0,Q36,Homosexual couples are as good parents as other couples,Do you agree or disagree with the following statement: 'Homosexual couples are as good parents as other couples'?,social_attitudes,0.00788,0.0027
wvs,Q40,Work is a duty towards society,Do you agree or disagree with the following statement: 'Work is a duty towards society'?,values_identity,Macao SAR,278.0,0.4528,,7.0,Q288,Scale of incomes,"What is the level of your household's income counting all wages, salaries, pensions and other incomes on an income scale on which 'lowest' indicates the lowest income group and 'tenth step' the highest income group in your country?",demographics,0.0069,0.00562
wvs,Q40,Work is a duty towards society,Do you agree or disagree with the following statement: 'Work is a duty towards society'?,values_identity,Macao SAR,278.0,0.4528,,8.0,Q161,Perception of science affecting moral values,To what extent do you agree or disagree with the statement: 'One of the bad effects of science is that it breaks down people's ideas of right and wrong'?,contemporary_issues,0.0069,0.00824
wvs,Q40,Work is a duty towards society,Do you agree or disagree with the following statement: 'Work is a duty towards society'?,values_identity,Macao SAR,278.0,0.4528,,9.0,Q286,Family savings during past year,"During the past year, what was the situation with your family's savings?",demographics,0.0069,0.00562
wvs,Q40,Work is a duty towards society,Do you agree or disagree with the following statement: 'Work is a duty towards society'?,values_identity,Macao SAR,278.0,0.4528,,10.0,Q109,Views on competition: good or harmful,"Do you think competition is good because it stimulates effort and innovation, or harmful because it brings out the worst in people?",political_attitudes,0.0069,0.00824
wvs,Q242,Perceived importance of religious authorities interpreting laws as a feature of democracy,How essential is it for democracy that religious authorities interpret the laws? Please use a scale from 1 ('not at all essential') to 10 ('essential').,political_attitudes,Andorra,283.0,0.4995,,1.0,Q289CS9,Religious denomination - detailed list,"Do you belong to a religion or religious denomination? If yes, which one?",demographics,0.014,0.00418
wvs,Q242,Perceived importance of religious authorities interpreting laws as a feature of democracy,How essential is it for democracy that religious authorities interpret the laws? Please use a scale from 1 ('not at all essential') to 10 ('essential').,political_attitudes,Andorra,283.0,0.4995,,2.0,Q111,Protecting environment vs. Economic growth,"Here are two statements people sometimes make when discussing the environment and economic growth. Which of them comes closer to your own point of view? A. Protecting the environment should be given priority, even if it causes slower economic growth and some loss of jobs B. Economic growth and creating jobs should be the top priority, even if the environment suffers to some extent",political_attitudes,0.012,0.0057
wvs,Q242,Perceived importance of religious authorities interpreting laws as a feature of democracy,How essential is it for democracy that religious authorities interpret the laws? Please use a scale from 1 ('not at all essential') to 10 ('essential').,political_attitudes,Andorra,283.0,0.4995,,3.0,Q193,Justifiability of having casual sex,How justifiable do you think it is to have casual sex?,values_identity,0.011,0.00652
wvs,Q242,Perceived importance of religious authorities interpreting laws as a feature of democracy,How essential is it for democracy that religious authorities interpret the laws? Please use a scale from 1 ('not at all essential') to 10 ('essential').,political_attitudes,Andorra,283.0,0.4995,,4.0,Q36,Homosexual couples are as good parents as other couples,Do you agree or disagree with the following statement: 'Homosexual couples are as good parents as other couples'?,social_attitudes,0.011,0.00962
wvs,Q242,Perceived importance of religious authorities interpreting laws as a feature of democracy,How essential is it for democracy that religious authorities interpret the laws? Please use a scale from 1 ('not at all essential') to 10 ('essential').,political_attitudes,Andorra,283.0,0.4995,,5.0,Q125,Immigration in your country: Gives asylum to political refugees,Do you agree that the country should give asylum to political refugees?,social_attitudes,0.01,0.00354
wvs,Q242,Perceived importance of religious authorities interpreting laws as a feature of democracy,How essential is it for democracy that religious authorities interpret the laws? Please use a scale from 1 ('not at all essential') to 10 ('essential').,political_attitudes,Andorra,283.0,0.4995,,6.0,Q215,Social activism: Encouraging others to take action about political issues,"Have you ever encouraged others to take political action, might you consider doing so, or would you never do so under any circumstances?",political_participation,0.01,0.005
wvs,Q242,Perceived importance of religious authorities interpreting laws as a feature of democracy,How essential is it for democracy that religious authorities interpret the laws? Please use a scale from 1 ('not at all essential') to 10 ('essential').,political_attitudes,Andorra,283.0,0.4995,,7.0,Q197,Government right to monitor digital communication,Should the government have the right to monitor all emails and other information exchanged on the Internet?,political_attitudes,0.009,0.00822
wvs,Q242,Perceived importance of religious authorities interpreting laws as a feature of democracy,How essential is it for democracy that religious authorities interpret the laws? Please use a scale from 1 ('not at all essential') to 10 ('essential').,political_attitudes,Andorra,283.0,0.4995,,8.0,Q275,Highest educational level: Respondent [ISCED 2011],What is the highest educational level that you have attained?,demographics,0.009,0.00548
wvs,Q242,Perceived importance of religious authorities interpreting laws as a feature of democracy,How essential is it for democracy that religious authorities interpret the laws? Please use a scale from 1 ('not at all essential') to 10 ('essential').,political_attitudes,Andorra,283.0,0.4995,,9.0,Q239,Political system: Having a system governed by religious law in which there are no political parties or elections,"Do you think having a system governed by religious law, without political parties or elections, is a good or bad way of governing this country?",political_attitudes,0.009,0.00418
wvs,Q242,Perceived importance of religious authorities interpreting laws as a feature of democracy,How essential is it for democracy that religious authorities interpret the laws? Please use a scale from 1 ('not at all essential') to 10 ('essential').,political_attitudes,Andorra,283.0,0.4995,,10.0,Q109,Views on competition: good or harmful,"Do you think competition is good because it stimulates effort and innovation, or harmful because it brings out the worst in people?",political_attitudes,0.008,0.00447
wvs,Q242,Perceived importance of religious authorities interpreting laws as a feature of democracy,How essential is it for democracy that religious authorities interpret the laws? Please use a scale from 1 ('not at all essential') to 10 ('essential').,political_attitudes,Germany,282.0,0.7821,,1.0,Q245,Importance of the army taking over when government is incompetent as a feature of democracy,How essential do you think it is for a democracy that the army takes over when the government is incompetent?,political_attitudes,0.03446,0.00967
wvs,Q242,Perceived importance of religious authorities interpreting laws as a feature of democracy,How essential is it for democracy that religious authorities interpret the laws? Please use a scale from 1 ('not at all essential') to 10 ('essential').,political_attitudes,Germany,282.0,0.7821,,2.0,Q243,Importance of free elections as a feature of democracy,How essential do you think it is for a democracy that people choose their leaders in free elections?,political_attitudes,0.00743,0.00151
wvs,Q242,Perceived importance of religious authorities interpreting laws as a feature of democracy,How essential is it for democracy that religious authorities interpret the laws? Please use a scale from 1 ('not at all essential') to 10 ('essential').,political_attitudes,Germany,282.0,0.7821,,3.0,Q179,Perceived justifiability of stealing property,Is it justifiable to steal property?,values_identity,0.00338,0.0
wvs,Q242,Perceived importance of religious authorities interpreting laws as a feature of democracy,How essential is it for democracy that religious authorities interpret the laws? Please use a scale from 1 ('not at all essential') to 10 ('essential').,political_attitudes,Germany,282.0,0.7821,,4.0,Q237,Political system: Having the army rule,Do you think having the army rule the country is a good or bad way of governing?,political_attitudes,0.00338,0.0
wvs,Q242,Perceived importance of religious authorities interpreting laws as a feature of democracy,How essential is it for democracy that religious authorities interpret the laws? Please use a scale from 1 ('not at all essential') to 10 ('essential').,political_attitudes,Germany,282.0,0.7821,,5.0,Q246,Importance of civil rights protecting against oppression as a feature of democracy,How essential do you think it is for a democracy that civil rights protect people's liberty against state oppression?,political_attitudes,0.0027,0.00151
wvs,Q242,Perceived importance of religious authorities interpreting laws as a feature of democracy,How essential is it for democracy that religious authorities interpret the laws? Please use a scale from 1 ('not at all essential') to 10 ('essential').,political_attitudes,Germany,282.0,0.7821,,6.0,Q182,Perceived justifiability of homosexuality,"Is homosexuality justifiable, in your view?",values_identity,0.0027,0.00283
wvs,Q242,Perceived importance of religious authorities interpreting laws as a feature of democracy,How essential is it for democracy that religious authorities interpret the laws? Please use a scale from 1 ('not at all essential') to 10 ('essential').,political_attitudes,Germany,282.0,0.7821,,7.0,Q248,Importance of obedience to rulers as a feature of democracy,How essential do you think it is for a democracy that people obey their rulers?,political_attitudes,0.0027,0.0037
wvs,Q242,Perceived importance of religious authorities interpreting laws as a feature of democracy,How essential is it for democracy that religious authorities interpret the laws? Please use a scale from 1 ('not at all essential') to 10 ('essential').,political_attitudes,Germany,282.0,0.7821,,8.0,Q206,Information source: Internet,How often do you use internet to obtain information about this country and the world?,contemporary_issues,0.00203,0.00185
wvs,Q242,Perceived importance of religious authorities interpreting laws as a feature of democracy,How essential is it for democracy that religious authorities interpret the laws? Please use a scale from 1 ('not at all essential') to 10 ('essential').,political_attitudes,Germany,282.0,0.7821,,9.0,Q250,Importance of democracy,How important is it for you to live in a country that is governed democratically?,political_attitudes,0.00203,0.00185
wvs,Q242,Perceived importance of religious authorities interpreting laws as a feature of democracy,How essential is it for democracy that religious authorities interpret the laws? Please use a scale from 1 ('not at all essential') to 10 ('essential').,political_attitudes,Germany,282.0,0.7821,,10.0,Q187,Justifiability of suicide,How justifiable do you think suicide is?,values_identity,0.00203,0.00185
wvs,Q242,Perceived importance of religious authorities interpreting laws as a feature of democracy,How essential is it for democracy that religious authorities interpret the laws? Please use a scale from 1 ('not at all essential') to 10 ('essential').,political_attitudes,Macao SAR,278.0,0.2207,,1.0,Q245,Importance of the army taking over when government is incompetent as a feature of democracy,How essential do you think it is for a democracy that the army takes over when the government is incompetent?,political_attitudes,0.04158,0.01968
wvs,Q242,Perceived importance of religious authorities interpreting laws as a feature of democracy,How essential is it for democracy that religious authorities interpret the laws? Please use a scale from 1 ('not at all essential') to 10 ('essential').,political_attitudes,Macao SAR,278.0,0.2207,,2.0,Q270,Number of people in household,"How many people are there in your household, including yourself and children?",demographics,0.02277,0.00664
wvs,Q242,Perceived importance of religious authorities interpreting laws as a feature of democracy,How essential is it for democracy that religious authorities interpret the laws? Please use a scale from 1 ('not at all essential') to 10 ('essential').,political_attitudes,Macao SAR,278.0,0.2207,,3.0,Q45,Future changes: Greater respect for authority,"If society placed more emphasis on developing technology in the future, would you consider that a good thing, a bad thing, or wouldn't you mind?",values_identity,0.0198,0.00495
wvs,Q242,Perceived importance of religious authorities interpreting laws as a feature of democracy,How essential is it for democracy that religious authorities interpret the laws? Please use a scale from 1 ('not at all essential') to 10 ('essential').,political_attitudes,Macao SAR,278.0,0.2207,,4.0,Q184,Perceived justifiability of abortion,"Is abortion justifiable, in your view?",values_identity,0.01881,0.00645
wvs,Q242,Perceived importance of religious authorities interpreting laws as a feature of democracy,How essential is it for democracy that religious authorities interpret the laws? Please use a scale from 1 ('not at all essential') to 10 ('essential').,political_attitudes,Macao SAR,278.0,0.2207,,5.0,Q11,Important child qualities: Imagination,Do you consider imagination to be an especially important quality for children to learn at home?,values_identity,0.01782,0.00751
wvs,Q242,Perceived importance of religious authorities interpreting laws as a feature of democracy,How essential is it for democracy that religious authorities interpret the laws? Please use a scale from 1 ('not at all essential') to 10 ('essential').,political_attitudes,Macao SAR,278.0,0.2207,,6.0,Q213,Social activism: Donating to a group or campaign,"Have you ever donated to a political or activist group or campaign, might you consider doing so, or would you never do so under any circumstances?",political_participation,0.01584,0.00221
wvs,Q242,Perceived importance of religious authorities interpreting laws as a feature of democracy,How essential is it for democracy that religious authorities interpret the laws? Please use a scale from 1 ('not at all essential') to 10 ('essential').,political_attitudes,Macao SAR,278.0,0.2207,,7.0,Q122,Immigration in your country: Fills useful jobs in the workforce,Do you agree that immigrants fill useful jobs in the workforce?,social_attitudes,0.01584,0.00886
wvs,Q242,Perceived importance of religious authorities interpreting laws as a feature of democracy,How essential is it for democracy that religious authorities interpret the laws? Please use a scale from 1 ('not at all essential') to 10 ('essential').,political_attitudes,Macao SAR,278.0,0.2207,,8.0,Q119,"Degree of agreement: On the whole, women are less corrupt than men","Can you tell me how strongly you agree or disagree with the following statement: On the whole, women are less corrupt than men?",social_attitudes,0.01584,0.00734
wvs,Q242,Perceived importance of religious authorities interpreting laws as a feature of democracy,How essential is it for democracy that religious authorities interpret the laws? Please use a scale from 1 ('not at all essential') to 10 ('essential').,political_attitudes,Macao SAR,278.0,0.2207,,9.0,Q162,Importance of science in daily life,To what extent do you agree or disagree with the statement: 'It is not important for me to know about science in my daily life'?,contemporary_issues,0.01485,0.0035
wvs,Q242,Perceived importance of religious authorities interpreting laws as a feature of democracy,How essential is it for democracy that religious authorities interpret the laws? Please use a scale from 1 ('not at all essential') to 10 ('essential').,political_attitudes,Macao SAR,278.0,0.2207,,10.0,Q126,Immigration in your country: Increases the risks of terrorism,Do you agree that immigrants increase the risks of terrorism?,social_attitudes,0.01386,0.00645
